left knee,left knee,left knee,right knee,right knee,right knee,left hip,left hip,left hip,right hip,right hip,right hip
x,y,likelihood,x,y,likelihood,x,y,likelihood,x,y,likelihood
641.2470703,493.9176331,0.948729753,434.1025696,484.6491699,0.883330762,624.8414307,128.3191528,0.854024887,399.5302734,144.1591492,0.881094396
638.0980225,494.8218384,0.955529511,434.4308777,485.372406,0.883561671,627.3965454,130.1103668,0.908724964,401.0816345,144.4567108,0.881871164
635.0223999,496.949646,0.945447624,435.3189392,486.1952515,0.877699912,629.7372437,133.4153137,0.940492988,403.3913269,143.6907501,0.891943693
632.2838135,499.0357666,0.960858047,435.5371704,486.7747192,0.873425484,631.2072144,135.765625,0.931367397,405.4222107,143.8763428,0.903160393
635.5432129,499.7697449,0.948337436,436.99823,486.8485718,0.878316879,632.4709473,134.8044434,0.885368764,406.9993591,141.9297638,0.889555573
636.984436,497.3626404,0.94398731,439.6630859,485.9801636,0.892086685,635.7150879,132.4941254,0.873875856,411.6723022,141.6963654,0.844701231
637.8895874,496.431366,0.941637337,442.3126526,485.8165894,0.858330548,640.7974243,131.5868988,0.908628285,414.2687683,139.9919281,0.896545708
638.7124634,496.1247559,0.944957733,447.2825928,487.1691589,0.853182375,645.0717773,132.7936859,0.937633872,417.0508728,139.4686584,0.885132492
640.3098145,496.0210266,0.950125098,449.2721863,486.8612366,0.871367037,647.3939209,133.7295074,0.903930902,420.4320068,139.0690002,0.874045849
641.3837891,496.0671082,0.95318222,450.0788574,487.0836182,0.879355669,650.9122925,132.5319519,0.839146614,424.0670471,138.3232422,0.847408295
643.1057739,496.7612305,0.954985857,450.6608887,487.1515198,0.880522907,654.3789063,132.4885559,0.918784976,428.9035645,138.540451,0.831174433
644.6282349,496.5509033,0.95825243,451.6874695,487.1421509,0.883767664,658.2199097,132.2994232,0.911251426,430.4264526,139.0375061,0.883271694
645.663208,496.5439453,0.95993346,452.6925354,487.4529114,0.883694708,661.3866577,133.6495514,0.934524655,431.8676758,138.7073517,0.883829415
646.2481689,496.7552795,0.960300028,452.5134583,487.649231,0.882658124,662.8934937,133.8921814,0.928129375,434.1186829,139.3328857,0.86768657
647.6838989,497.2904053,0.955635667,452.5066528,488.4125977,0.862876713,665.3237915,133.3374786,0.872659683,437.2461243,139.449173,0.863620102
649.6379395,498.6495361,0.948918879,454.3533325,491.0137024,0.868520498,667.4956055,133.4238739,0.85012579,439.0631714,138.6737976,0.851843953
651.3903198,499.8830872,0.927487731,455.0322876,491.177002,0.864129841,669.3212891,133.6026917,0.909645021,441.2734985,138.3881683,0.828250587
652.4917603,497.7507019,0.935251176,456.3857117,491.9107361,0.875602186,671.0076904,133.516571,0.929737508,442.4403076,138.6159363,0.813924849
654.225769,498.5598755,0.943264723,457.096283,492.2814636,0.867981553,673.5239258,133.685379,0.926122665,445.4161072,139.5378113,0.848537683
655.5584106,499.4307861,0.950614572,457.3674011,492.7419128,0.872696638,675.5336304,134.8804779,0.931020856,446.1187134,139.8262024,0.868751228
657.5122681,500.4494019,0.955426455,458.0511169,493.1977234,0.877329528,676.7609863,135.7755127,0.935684919,446.6308594,139.3308105,0.864695907
658.4429321,500.7174683,0.959535658,458.7359009,495.6774292,0.872156084,677.8884277,136.0389252,0.945993304,447.4664612,138.749588,0.871237576
659.2677612,501.3102722,0.959955096,459.401123,496.0653381,0.885553002,678.883667,136.282196,0.941940546,448.3483887,138.7159271,0.867971957
659.531189,501.7301941,0.959850073,459.7265015,496.7698975,0.894103646,679.3793945,136.1126709,0.932266951,448.8226929,138.5754242,0.859376848
659.8203125,501.933075,0.958941162,460.1849976,497.0566101,0.903989255,680.0460815,135.6834869,0.913985372,450.0402832,138.2157288,0.844903946
659.9476318,502.3328552,0.955189526,460.1607666,497.1867981,0.904077709,680.833252,134.9533844,0.891709268,450.7444763,137.8947754,0.835069418
659.96875,502.3613586,0.953833401,460.1885071,497.3714294,0.901867151,681.5369263,134.7487793,0.879848897,451.0866089,138.0244141,0.839835405
660.0394897,503.0172729,0.950030923,460.192749,497.6691589,0.900337458,682.2366333,134.4890594,0.846659541,451.64328,137.9013519,0.845855832
660.0197144,503.8610535,0.944524348,459.9508057,497.9304199,0.894794405,682.4486694,134.0617523,0.843958199,451.791626,137.8868256,0.850956917
659.6643066,504.6634521,0.937273085,459.7033081,498.1095276,0.884995639,682.2875977,133.5739899,0.862236917,451.620636,137.8354034,0.852594852
659.3366089,504.9859314,0.931059122,459.9385681,496.3435974,0.884488285,683.0259399,132.6354065,0.84989953,451.4960327,137.8132324,0.85410589
659.1567383,505.303772,0.922751665,460.0578918,496.3034973,0.88749218,683.5504761,132.2057648,0.83677882,451.8549805,137.6807861,0.84950757
659.2907104,505.6196594,0.917815089,460.151947,496.259552,0.889629185,683.635437,131.9958191,0.828241348,452.2306824,137.5012054,0.844817042
659.2880859,505.5825195,0.919019043,460.1230469,496.3707275,0.890103817,684.1049194,131.9879303,0.836297452,452.7897949,137.1461639,0.844693422
659.494812,505.5246887,0.92302084,460.2450867,496.4315491,0.889642596,683.1739502,132.2798615,0.821482003,453.2848816,136.8728333,0.834317446
659.6453857,505.4806824,0.923526585,460.2272034,496.4324036,0.890528262,683.1756592,132.1461639,0.83236748,452.5537415,137.1264801,0.836224437
659.7644653,505.3911743,0.92496568,460.2473145,496.4231567,0.891229987,683.1851807,132.1724548,0.835621953,452.4752197,137.0342865,0.835887611
659.5800171,505.1167297,0.928158164,460.2252502,496.2982178,0.889701188,683.958313,131.7525787,0.819533765,451.791626,136.9669647,0.843034148
659.0244141,505.0892029,0.93071717,459.1596375,495.8925781,0.897290945,682.9478149,132.0127716,0.831892192,450.9702759,136.0564117,0.856284916
658.6860352,504.9596863,0.925765574,458.3481445,495.4283142,0.911359727,681.0505371,131.7508087,0.859892309,450.040741,135.7712708,0.84418726
657.9015503,504.9291077,0.919906974,457.3811951,495.0511475,0.925617874,680.1780396,132.0515442,0.875763178,449.166748,135.660553,0.848998785
656.7862549,504.8668213,0.914828837,455.78302,494.6862183,0.937349021,679.0799561,132.5323639,0.893967628,447.3417969,135.6766205,0.834900975
655.1859741,504.0096436,0.912679315,454.9230652,494.5381165,0.939362884,678.2520752,133.0459137,0.915487766,446.7377319,135.4316864,0.832310617
654.1083374,503.6262817,0.898427427,453.5205078,494.3779907,0.939768136,677.1107788,132.7745667,0.922576189,446.0072632,135.5161743,0.818135202
652.9882202,503.2904663,0.892404139,453.0621033,494.6101074,0.937980771,676.1062012,132.2086639,0.912772655,445.6834717,134.9201202,0.779431939
651.9465942,503.1782227,0.879060686,452.4766846,494.6220398,0.936812639,675.142395,132.2595673,0.916629374,443.8038635,136.2352905,0.781616092
651.3827515,503.2101746,0.852811158,451.7666016,494.717804,0.936413348,673.8555298,132.1168365,0.908764124,443.0433044,136.2561493,0.777677357
649.6326904,505.5665283,0.864839017,451.3669434,494.747345,0.934339464,672.7920532,131.9122314,0.888036728,442.5719299,136.2399597,0.767630458
648.9952393,505.6113892,0.866124749,451.433075,494.701355,0.932174325,671.888916,131.5969391,0.883431971,440.0858154,135.8435516,0.76394856
648.4928589,505.2832336,0.886591613,451.4890137,494.793335,0.931260467,671.3113403,131.745636,0.881808579,439.8190918,135.8540955,0.773234665
648.3560791,504.9926147,0.897136748,451.7677612,494.7244263,0.933790207,671.1482544,131.6361847,0.873857915,439.9295959,136.0045776,0.777651668
648.6123657,504.8436584,0.901738942,452.1434326,494.6150818,0.933855772,671.4689331,131.6159973,0.88661778,442.7414856,136.23703,0.771304488
649.401001,504.3822327,0.905722916,452.5915222,494.6541138,0.933724165,671.8627319,131.8947601,0.898221374,442.8886719,136.3340607,0.766725361
649.9014893,503.9288025,0.917874992,453.1548157,494.6284485,0.933450401,672.2667236,132.3775177,0.904669166,443.5525818,136.3744354,0.762441874
650.2724609,503.3823853,0.920855343,454.1238708,494.6559448,0.929177999,672.5432129,132.7670441,0.909880817,445.7113037,135.5485229,0.781641603
650.3669434,502.9090881,0.922028422,454.8104248,494.6013184,0.928730845,672.7779541,133.1644287,0.916839063,446.0109558,135.9578857,0.801864088
649.1708984,502.3567505,0.930166066,455.2265625,494.5264893,0.928361535,672.8589478,133.4738922,0.917578399,446.0379639,136.7346191,0.823688924
647.9858398,501.3346252,0.939015031,455.4966736,494.3242188,0.927113295,672.6998291,133.4676819,0.917166173,446.0014954,136.986496,0.829961717
647.2076416,500.1921387,0.935845792,455.7436523,493.9485779,0.927351952,672.6480713,133.5305786,0.908344805,445.8259888,137.422699,0.841673076
646.0004883,500.2371216,0.929207861,455.6308899,493.8867188,0.928686619,672.5098267,133.2182922,0.906604588,445.9407654,138.3821411,0.858872592
645.1000977,500.9650879,0.92381835,455.4241028,493.8027954,0.927392066,673.0897217,133.8167419,0.906686366,445.8952637,138.6604919,0.864721358
645.2717285,501.2038574,0.927083373,455.4651794,493.7550049,0.92751807,673.5770874,133.9914093,0.916451633,446.2049866,138.7362823,0.873994887
645.6900024,501.7549438,0.930431664,456.6286621,493.6785278,0.919888854,674.6552124,134.4186096,0.91531992,446.8780823,138.850708,0.869597256
646.1135864,502.3042603,0.926572144,458.3146362,493.7376709,0.90709275,676.0359497,135.6059418,0.929521501,448.0445557,139.1075439,0.877463937
647.1594238,502.9364319,0.919739902,459.5122681,494.0974121,0.884753883,678.0023193,136.4514313,0.926748335,450.4025574,139.8264923,0.86621815
648.3015747,503.8361816,0.915348709,459.9710693,495.5683289,0.903295994,679.3304443,136.0991364,0.896797776,452.3337708,139.6687622,0.851102829
650.0588379,504.6924133,0.886823893,461.5239258,495.3786926,0.924321413,680.8725586,136.2514954,0.866503,453.6787109,139.718338,0.859978974
652.4908447,503.1647034,0.876484811,462.6799622,495.3136902,0.933397949,684.2941895,136.799408,0.848636568,456.6944885,139.3147736,0.829405487
654.6234131,503.9416809,0.893861651,464.4582214,495.177948,0.931644976,686.4532471,136.8862,0.899429858,460.8312988,139.3755951,0.82552439
657.9827881,505.0576172,0.917193115,466.1138611,494.6577454,0.924632788,688.8531494,137.799408,0.897891045,461.8262634,139.0850525,0.854642391
660.244873,505.2753906,0.918947041,467.0248108,494.1636963,0.915875316,691.2531738,137.7518005,0.929931998,463.2229004,137.9714508,0.87933743
661.0585327,504.8172607,0.916289568,467.5177002,494.0959778,0.913240492,693.585144,138.8452911,0.916405678,464.9215088,136.5255127,0.863418221
661.635437,505.2715454,0.90994525,467.0853577,493.1266174,0.905170977,694.953186,138.9343567,0.902821481,466.1320801,135.3956146,0.855289698
662.6054688,506.1242676,0.902804375,466.3709412,492.6301575,0.900324345,695.8994751,139.0380707,0.864987373,467.2316895,135.3853455,0.870538831
664.4873657,506.343811,0.87856704,465.8773499,491.9901733,0.898913622,696.8678589,138.2987366,0.863726914,468.6473999,134.8757477,0.860591233
666.6213989,506.2414856,0.837084353,465.3242188,491.6689453,0.900865674,700.1566772,137.5523682,0.846223474,470.1032104,134.4836273,0.865379512
668.1536865,508.0465088,0.850423336,465.6080933,491.3530273,0.899622262,701.0951538,138.0170746,0.858128428,471.4776611,134.0124054,0.836421609
668.6740112,508.1420288,0.856584013,465.915863,491.4314575,0.89808023,702.4371948,137.8724213,0.889874995,472.7954407,133.6279755,0.818076372
668.5201416,508.3457642,0.849049568,466.6721802,491.7357483,0.89618969,703.9118042,138.5300293,0.890447915,475.4052429,134.1339111,0.824387431
668.1331177,508.151825,0.834963679,468.4176331,491.9277344,0.898246646,705.2121582,138.9237518,0.9057616,476.9352722,133.4722748,0.838087916
667.324707,506.1555786,0.814445615,470.0218506,491.6138306,0.891584396,707.6056519,138.9559479,0.915264904,478.8355713,130.5338898,0.84213382
664.8375854,505.4298096,0.828738928,473.503418,491.8300171,0.830042541,709.7206421,139.1503448,0.908135951,479.4864502,130.0509186,0.893401563
663.8251953,505.4030457,0.817962766,479.3800659,491.3005066,0.853743792,711.4013672,139.553772,0.847615838,479.8729553,129.2301636,0.898115575
666.6264648,505.6560974,0.804330647,481.5267639,490.3354797,0.838487566,711.9736938,139.636734,0.831752896,481.0202332,128.9300079,0.884968758
670.9998169,508.0274963,0.859776914,480.4872131,490.281189,0.831720591,713.1403809,139.4928741,0.808689237,483.618103,129.5282288,0.890345097
675.9840698,508.4188538,0.876936316,477.0776978,492.2696228,0.791398823,717.1082764,138.6486206,0.857436299,485.7005005,130.4299622,0.909237921
676.4987793,506.3193054,0.889493644,471.5211487,488.3820496,0.825701654,720.3425903,141.2079468,0.884647965,488.0729065,130.6897125,0.878300965
677.786499,506.2135925,0.891339839,467.6982727,487.7919312,0.857501924,722.7800903,140.809845,0.878356934,490.611084,130.6016388,0.837056756
679.5038452,506.6159668,0.879828632,463.4951172,487.9321899,0.850024104,723.6150513,140.5124054,0.860479057,492.0121765,130.133316,0.846381068
682.4616089,507.6910706,0.86146152,458.0779724,484.9901123,0.87632978,725.1098022,140.8188171,0.846432447,493.2114563,129.4806671,0.851532459
683.6469727,508.2525024,0.871212244,455.0305176,484.210083,0.902491868,726.5331421,140.9421997,0.843502402,494.234314,129.3781738,0.851632655
684.0843506,508.0978394,0.879307568,450.3288269,482.550293,0.903932273,727.6248779,141.0138702,0.803648174,495.262146,128.1518402,0.84796524
684.2861938,508.1170044,0.883549333,445.1438293,482.3024292,0.892731905,728.371521,140.7026978,0.756608963,495.8131104,127.9166565,0.856799245
684.2172241,507.7796631,0.877963424,441.1462097,478.6018066,0.889024556,732.1775513,139.6621704,0.750803769,496.216156,127.6372223,0.864880562
685.2598267,508.934967,0.862095296,434.9573975,477.1886292,0.893541992,731.6079102,141.6923065,0.762990713,496.4155884,127.4082108,0.864626467
682.2023315,505.8221436,0.816687703,428.9710083,476.2218628,0.859364033,732.124939,142.189621,0.788068295,496.2706909,126.8497238,0.866333902
679.8328247,504.8878174,0.837658763,423.4317017,469.1014099,0.880137682,732.2261963,142.7103577,0.785837352,495.7090149,126.3162231,0.874521255
678.6144409,505.7240295,0.863775194,417.2384644,464.8537292,0.898144841,732.0396118,142.6050873,0.786442101,495.4879456,125.483223,0.879182696
678.7162476,505.1210938,0.856563747,410.7502747,462.960907,0.848601878,731.9467773,142.4709167,0.771774054,495.4601746,123.7685242,0.877603233
678.1262207,503.9370728,0.86946547,401.1255798,455.1017151,0.837397754,731.937439,142.5861359,0.777508378,495.931488,122.2533722,0.867243707
677.9068604,503.4711304,0.866266787,395.5159302,451.3902283,0.880771816,732.1865234,142.6787567,0.784905732,496.1098022,120.7841568,0.845288396
677.1118774,502.6405945,0.877193987,392.243866,444.5530701,0.87184602,731.703186,143.8693848,0.781618059,496.3672791,117.9918823,0.86783278
676.3511963,502.39328,0.879791141,385.8608093,438.9767151,0.837962031,731.2018433,144.1943512,0.793126762,496.2140198,116.3819809,0.869025707
675.3912964,501.9069519,0.878297985,380.934967,435.958313,0.887280285,730.491333,144.3469086,0.826824307,496.1415405,114.774559,0.885345519
674.7426147,501.627594,0.868164182,377.8417664,432.8163147,0.875766754,729.982605,144.4021759,0.839473009,495.546814,114.0709,0.890423656
673.2468872,501.3303528,0.869362652,373.2497559,426.5149841,0.871950328,729.7162476,144.2519531,0.838236988,495.4503784,112.7835846,0.885222018
671.6011353,500.8710327,0.858509004,367.7239075,421.9385071,0.873457789,729.4782715,144.2752991,0.850092709,494.7796936,111.3440323,0.878478706
670.7939453,500.6916199,0.856473505,363.1782837,419.5548706,0.90772754,728.7892456,144.7178802,0.854274452,493.6846619,109.659874,0.878836811
669.4588013,500.7453918,0.846687913,361.752533,413.5950317,0.878007293,728.5610962,144.5710297,0.846484601,493.6198425,108.371994,0.871747017
668.8795166,500.381897,0.847274244,357.7554016,410.69104,0.865567207,728.3573608,144.5664825,0.829522848,493.4690857,106.6548691,0.861977458
666.5925903,500.2680359,0.834356666,353.7108154,406.4528198,0.876979887,728.1796875,144.8250427,0.829342544,494.0762634,104.9467621,0.841154218
665.3063354,499.4671631,0.84984678,350.0571899,403.0994263,0.907520413,728.3103027,145.0166626,0.854238093,494.0902405,102.5153275,0.84373498
663.8569336,499.1816101,0.851453781,348.0319824,399.6628418,0.916308403,728.3458252,145.1046295,0.856570244,495.0861511,100.5746613,0.876730263
663.3895874,499.0101318,0.851744354,345.8387146,397.961792,0.850282133,728.3363647,145.0523834,0.858743906,495.7056274,99.14543152,0.902440548
663.2276611,498.987854,0.846525133,343.1392822,389.8669128,0.868501365,728.7495117,144.9695587,0.854339898,495.8238831,98.19346619,0.91194272
662.9436646,499.02771,0.837863922,341.9277954,388.0534058,0.887665451,729.1687622,144.8917084,0.842576504,495.9460754,98.29881287,0.910021663
662.718811,499.0693054,0.834927142,340.6959534,386.9396973,0.88855052,729.1694336,144.9542999,0.838714778,495.8452148,98.11425018,0.911095738
662.5322266,498.8851624,0.833624065,341.0802307,386.9926758,0.886242867,729.2099609,144.7481384,0.825453043,495.5966492,98.57347107,0.92329067
662.3809204,498.6266479,0.832980931,342.0602722,387.462738,0.881339073,729.1843872,144.7490692,0.821890354,495.4286499,99.3503418,0.918622196
662.0587769,498.6899109,0.827509463,344.1914368,389.3315125,0.86687398,729.317749,144.6776886,0.820033312,495.2492981,99.96002197,0.922332048
662.0073853,498.8186951,0.818829536,347.4754639,397.3725281,0.88324213,729.2368774,144.5700531,0.813207746,494.7882996,100.700531,0.905856788
661.9898682,498.9536438,0.822053373,353.1127625,399.8475647,0.910982192,729.3857422,144.6838837,0.820013821,494.4912109,101.3838043,0.887943029
661.7865601,498.9668274,0.816120803,360.0251465,404.1304932,0.88454181,729.3780518,144.9102631,0.821890414,494.0040588,105.3176498,0.868682563
660.9682617,499.0794983,0.806795061,367.0829163,412.3193359,0.90993005,728.7995605,144.9274445,0.831751049,493.7246094,106.5836029,0.87025398
660.354187,499.1158752,0.795534253,375.769165,417.0414124,0.872231305,728.0770264,144.7754669,0.82321614,493.2456665,108.4106522,0.876760781
660.1762695,499.0795288,0.794802427,384.1103821,426.4644165,0.837115347,726.581665,144.9562531,0.841172755,491.1037903,110.3451309,0.861046374
660.1259155,499.0577393,0.797017336,394.0147095,429.341095,0.856532812,724.895874,144.9981232,0.851643085,489.5183716,111.9534073,0.885536909
660.2094116,499.0746765,0.785829186,400.4677429,435.759491,0.870332301,723.354187,145.0408936,0.873048663,488.8997803,114.0351563,0.905796647
661.3734741,499.3318787,0.807807326,409.2129517,441.0415955,0.799534976,722.5939941,145.0500793,0.880365729,488.134613,116.2359467,0.883939028
662.4300537,499.565918,0.832926035,416.8320007,446.1519165,0.894209802,722.0795288,144.8571014,0.865951419,487.6576843,118.4189606,0.879459739
663.0595093,499.8058167,0.840900123,426.1476135,449.2321777,0.857775629,721.4092407,144.7261353,0.84536767,487.7792358,119.718956,0.85614115
663.2168579,499.9986267,0.850989282,431.3829041,453.9314575,0.854245067,721.1715088,144.490799,0.840985656,487.2629089,120.6075134,0.857367933
663.3085938,499.9492798,0.852652133,437.4278259,456.186676,0.832036197,720.2365112,144.412674,0.837652147,487.3475037,122.2885666,0.858911037
663.2418213,500.0835876,0.854158103,442.9701538,462.3435364,0.823561013,720.3122559,144.4582214,0.84434557,486.8277283,122.8313751,0.86063081
663.2935181,500.1735229,0.862596869,445.8482056,462.8496704,0.896415591,719.6984253,144.1987457,0.859430671,485.7524719,123.012619,0.869523346
663.4219971,500.3514404,0.871469438,450.9520264,463.4556885,0.890049696,719.2821045,143.7985229,0.871394098,484.790802,123.8246536,0.874290466
663.6080933,500.4680786,0.878334582,456.1951599,465.0248413,0.890820801,718.4145508,143.5796661,0.873765647,484.1286316,124.1961517,0.87246573
663.8135986,500.4969482,0.890295208,460.5131531,469.857666,0.840475798,717.423645,143.4438019,0.864452302,482.9312439,124.4888382,0.85882771
664.022522,500.545105,0.888813436,464.6950073,470.6030884,0.840226054,715.3411865,142.6461029,0.784096539,481.6455383,124.8867416,0.869976759
664.0292358,500.526825,0.891602874,470.2150269,471.4151917,0.817593694,713.777832,143.3022461,0.806967556,480.2010803,124.9856339,0.874391735
663.5007935,500.5906677,0.891291738,476.3846436,476.6037292,0.745006263,713.2422485,143.1839294,0.809479535,478.8399353,124.8412552,0.882547617
662.8004761,500.6108093,0.890844047,481.0041809,475.6753235,0.855768979,712.2966919,142.7335205,0.817406833,478.2594299,124.8261871,0.871333659
661.6975708,500.9126282,0.897620738,486.2453003,476.8154907,0.846658528,710.5971069,143.1363068,0.844684064,477.3260498,124.5203705,0.858127892
661.3629761,500.946228,0.901856542,491.3986206,477.8591614,0.824249268,708.5911255,143.3140259,0.856792808,476.7236328,124.2989807,0.82995218
661.5136719,500.5638123,0.90626055,491.844635,479.7760925,0.832439542,707.8069458,143.1519775,0.857888401,475.6448364,126.3517609,0.824270368
661.7578125,500.4041443,0.910101175,492.7261353,480.2570496,0.862606108,707.3153076,143.1703796,0.859883428,473.170929,124.6287537,0.841067076
661.934021,500.4119263,0.915059865,493.4458008,481.3759155,0.873139203,706.8079834,143.4630127,0.866873205,472.7527161,125.7082901,0.858566463
662.1091919,500.3504639,0.917474031,495.473175,482.6353455,0.855786085,705.9495239,143.2296753,0.887201309,473.5986023,127.8737946,0.893261313
662.3306885,500.2829285,0.918646932,496.332428,484.6652832,0.837570608,704.8889771,142.9911346,0.878618836,471.946167,129.2093506,0.906354964
662.3964233,500.1901245,0.918603361,496.6268005,486.8769531,0.797159195,704.0357666,142.4125061,0.883975804,470.8527527,130.2017365,0.916736841
662.6233521,500.0501709,0.921257734,496.3337402,488.6633301,0.778162837,703.1723022,141.888443,0.896392167,469.9299316,130.6588745,0.925389647
662.8692627,500.2930603,0.92401427,495.4455566,491.3701172,0.808393717,701.8276978,141.031311,0.863333285,469.3542175,131.8479919,0.919449866
663.4080811,500.2160339,0.928181171,492.374176,494.4030762,0.852996469,701.0708008,138.3296356,0.857919216,468.2461853,133.6849823,0.903065383
663.5944214,500.6210327,0.928420305,491.9924011,495.9162292,0.848130524,701.572937,137.8413696,0.825949371,466.5199585,134.9412079,0.894543529
663.3911133,500.6108093,0.926030636,490.4045715,498.3721924,0.88316524,696.9421997,138.5967407,0.810367405,465.3193054,136.1042938,0.877030551
663.4034424,500.7455139,0.921080172,488.9905701,500.5834351,0.877166331,695.7481689,139.3297729,0.823054194,463.8789063,139.090744,0.879256845
663.0709839,501.1203003,0.917017579,487.8851624,502.6456299,0.841390967,694.786499,139.3173523,0.875805795,461.9078674,140.528595,0.876152039
662.4580688,501.1236877,0.918687105,487.4031677,503.7140808,0.798559368,693.1213379,138.7198029,0.919129193,460.4864502,142.7351074,0.856486082
661.7674561,501.5740356,0.926160812,485.8656616,507.1749878,0.78614217,691.3856201,138.8933868,0.91799438,458.9838562,143.315033,0.84532851
661.2268066,501.5248413,0.927016318,484.9673462,507.7401733,0.819276989,688.4825439,137.7336731,0.911489367,455.9533081,143.3058929,0.870123267
659.7015381,501.8849487,0.926792562,482.7282104,508.4157104,0.832883298,684.8347168,136.8463135,0.89348489,453.1525879,143.3410339,0.911487877
657.1950073,501.404541,0.923968971,478.933197,508.965332,0.828579605,680.944519,136.6442413,0.875662923,449.2793274,143.804306,0.893315732
654.4745483,500.4640808,0.914936483,475.0850525,509.8031311,0.772452176,678.1229248,137.5077362,0.941809833,445.8114929,144.4636536,0.87315172
650.5449219,502.4367981,0.917071879,469.8662415,508.7128601,0.848546684,672.7908936,135.2350769,0.937756181,439.9606628,145.9536133,0.875225842
646.9383545,501.0071716,0.938362598,464.7408447,507.5967712,0.838070691,665.9478149,133.8898773,0.870117426,434.9355774,144.2238464,0.898247182
644.1467896,501.6929016,0.950061202,456.3440857,504.4526367,0.818421781,661.2471313,134.2926025,0.93836689,429.3981934,145.5309448,0.868216574
638.8955688,500.3027649,0.939472497,449.9398499,504.8067627,0.833388627,654.6953125,132.0358582,0.922562301,423.585022,144.9404755,0.882003486
633.114624,502.0299988,0.941340923,442.8683167,503.0961914,0.848379016,648.057312,132.198349,0.893863082,417.0504761,144.2873535,0.888444066
629.6700439,501.1158447,0.946114719,439.2703552,501.1540222,0.911211371,642.2113647,131.8110809,0.912591815,410.1135559,145.1175537,0.872396529
623.9877319,499.3175354,0.942400038,436.4130554,500.355896,0.912689626,635.0267944,130.8093719,0.852842808,403.3039246,144.2718201,0.908009231
619.0858765,500.6501465,0.927347362,433.0045166,499.0020142,0.902688146,628.8969116,130.0161285,0.910742819,398.6256409,143.6574707,0.877587676
614.3545532,498.0637512,0.948388577,429.8444519,499.2132874,0.890678227,622.6601563,128.9040222,0.882274628,391.0521851,145.0514069,0.885710239
611.571228,497.9241028,0.941785514,425.8381653,496.7054443,0.905815542,617.0947876,128.9972839,0.865267456,386.6351013,144.2579193,0.91348356
607.5510864,496.728241,0.944767773,422.8518982,495.6145935,0.916603625,612.7307739,128.9580078,0.901912391,382.8628235,143.8999786,0.877345741
605.2592773,496.2006226,0.938963413,420.7464905,495.8862,0.902825534,607.4057007,128.373703,0.88667202,376.2727051,145.3142395,0.877431571
602.5379028,495.8529663,0.933301508,417.9754333,495.5969849,0.901703179,603.1444092,128.3540802,0.822565556,372.7268677,145.7250214,0.917764485
597.9656372,495.7557678,0.93739897,416.8572693,495.5958557,0.901373565,599.2509766,128.2607574,0.888604701,369.642334,145.6673584,0.914197147
595.4299927,495.845459,0.935231745,416.4508667,495.6133118,0.895626307,595.2868652,127.6105881,0.870390534,366.8053589,145.2152863,0.878717482
592.0461426,495.5703735,0.938685,416.274231,495.7178955,0.891024947,591.055603,127.4130478,0.87256521,361.1718445,147.0893555,0.874597371
589.4024048,494.9794312,0.924155474,414.7051086,496.0271912,0.891303957,588.416687,126.8556519,0.833898783,359.6170044,148.0521545,0.864988208
588.1003418,494.4510498,0.905496955,413.1270447,495.9267273,0.876616418,585.5646973,126.1600342,0.794915915,357.6493835,148.5363464,0.904799521
586.9238281,491.902832,0.898604989,411.9785461,495.8531799,0.853085577,582.9267578,125.1605759,0.820387721,355.8285828,148.8101501,0.910365939
585.8710938,490.5147705,0.885710061,411.2850952,495.8417969,0.834608972,581.005127,124.939003,0.870653212,353.8941956,148.2773743,0.900883794
582.2497559,490.8775024,0.897790313,410.6988525,496.0690308,0.805189133,578.7935791,123.3691254,0.891426027,352.9536438,148.4033508,0.888616562
583.1013794,489.6726685,0.909683168,410.6746521,494.5246277,0.82974261,576.7637939,122.177536,0.90599972,351.6433411,148.0332031,0.873554528
584.1893921,489.0235901,0.914539397,408.2672119,494.1891174,0.840302825,574.6604004,120.4791489,0.910168231,348.7267456,150.4317932,0.840565741
586.4979858,488.1037903,0.910975218,405.4265442,493.8857422,0.847649932,573.3608398,119.9353561,0.893748939,347.6537781,150.4165802,0.837474465
591.8805542,487.7581787,0.92191565,403.7410278,493.6997375,0.855953753,572.2493896,119.8821487,0.863786101,345.0738525,150.5056152,0.830500841
595.9116821,486.8050232,0.938506007,403.195343,493.4744568,0.864918649,570.8844604,119.0490036,0.826120853,344.2008362,150.2498169,0.840772986
600.6762085,485.4908447,0.924468815,403.898407,493.3858948,0.863183141,569.7883301,118.9972992,0.851557374,343.1073303,151.0522003,0.871474802
608.0054321,483.5706177,0.93789041,406.8389587,493.9577942,0.845420182,568.0037231,118.3587341,0.905248284,342.2130127,152.0187073,0.876268506
616.4512939,479.1436462,0.923776269,410.8820496,494.2894592,0.776372075,567.0571899,117.5905685,0.921288252,339.7384338,152.8414764,0.873575926
624.9777222,474.7508545,0.909032643,411.7559204,495.4473877,0.796768486,566.0114746,116.1782608,0.915106952,338.5762024,152.9688263,0.863171518
633.5952148,470.6036682,0.93138808,412.9176331,496.4202576,0.835804939,565.5855713,114.6426086,0.916398346,337.4599304,153.2968445,0.868582904
647.2575073,466.4728088,0.957484186,414.4157715,497.5909424,0.83808279,565.8041992,113.2592545,0.881622016,336.702179,153.3113098,0.8656106
657.7828369,459.3417358,0.926442921,415.1616821,498.3518066,0.816520631,565.1567383,111.5760269,0.867677748,335.8591919,153.5540771,0.867164016
670.7723389,452.0846252,0.945118248,415.789978,499.2854004,0.784403563,564.439209,110.4183197,0.874998748,334.851593,153.605835,0.874897122
680.9432983,445.9266663,0.94666791,415.9820557,499.544281,0.771111608,563.5144653,109.1202621,0.863799572,334.4891052,153.6806183,0.861392677
689.9304199,440.1222839,0.959462106,415.9333191,499.7678223,0.759710789,562.772522,107.0170898,0.905773818,334.1394348,153.62854,0.851930082
697.8339844,431.1768799,0.952180564,415.5854492,500.066803,0.753672838,562.4206543,104.6738052,0.929676235,333.5302429,153.4633789,0.83141011
704.5745239,424.6840515,0.952581286,415.3973389,500.3702087,0.747623742,560.7588501,102.1147232,0.924419701,331.6091309,152.4697113,0.805968642
711.2987671,417.5458679,0.964080513,414.3005676,500.4025879,0.74534297,560.1478882,99.27069092,0.9147228,331.3897705,152.5720825,0.799672365
717.5144043,409.5473938,0.903641224,412.8275757,500.3954773,0.74295938,560.1133423,96.55706024,0.894188344,331.4177551,152.5054474,0.789282918
723.3903198,404.7437134,0.963410854,409.9648132,499.6280212,0.754768133,560.8262939,95.58995819,0.890535951,331.4360962,152.4829865,0.792980671
729.4011841,398.0681152,0.948209345,407.8975525,499.4439087,0.782738447,560.994873,94.56712341,0.890369117,331.4281311,152.4770813,0.796942353
734.7424927,393.309906,0.925558627,406.7675171,499.1906738,0.788437843,561.2518921,93.03620911,0.891876459,331.4138794,152.2897797,0.80008471
738.1303711,389.3074646,0.960580111,406.1533203,498.5657349,0.770249724,561.4793701,91.48777771,0.887297571,331.4049377,152.1123505,0.795043945
740.6085815,383.7514648,0.957491159,406.2810364,497.6750183,0.763524413,561.5396729,89.91214752,0.906360149,328.6813965,152.8813171,0.779994726
744.7800293,378.6591492,0.9229334,406.491394,496.912384,0.747006953,561.3120117,88.95625305,0.914625227,330.6844482,151.8144073,0.781921685
750.9071655,372.9820557,0.94066143,406.411377,495.8729553,0.731723905,561.8388062,89.52179718,0.91776377,328.7715454,152.6537628,0.776449621
751.8209839,370.0822144,0.948500752,406.2898254,494.8013,0.705245674,562.5446777,89.45830536,0.91476506,328.7730713,152.6953583,0.790355742
751.9458618,369.2898254,0.948027253,406.7023315,492.5536499,0.70538789,563.1105347,89.83773041,0.907244444,328.9438171,152.6244812,0.798395932
752.1550293,368.7832031,0.951429486,407.6246338,491.7070007,0.705793917,564.2244263,90.77681732,0.906496227,329.1886292,152.4310455,0.801471829
751.8914795,369.2458496,0.95334214,408.4942627,491.0522156,0.703282535,564.7381592,91.92384338,0.879535735,329.4989624,152.1475525,0.810193419
750.9667969,371.7277222,0.9482463,409.2188721,490.3204956,0.699738443,565.3383789,92.72091675,0.868544459,329.8882141,151.9686279,0.814182997
745.4850464,376.5796204,0.933740795,409.1507874,489.6994934,0.69942534,566.173645,94.39282227,0.856498301,330.644104,151.4959412,0.817976534
741.3161621,382.9118958,0.962085605,410.0024414,489.2325745,0.685785294,567.0238037,95.15207672,0.858105242,332.6115417,150.9410706,0.828700781
735.2175903,391.677948,0.938337624,411.9010925,489.3829041,0.627189815,567.4137573,97.29042816,0.876004517,334.8536987,148.5715637,0.855930686
724.0895386,400.801239,0.965765476,415.1316833,489.6286926,0.657078862,569.3284302,98.87818909,0.885772467,336.6365356,149.5215149,0.864243984
712.7904053,410.0617065,0.920212448,417.0139771,489.9933167,0.688719213,573.1213379,100.8912277,0.854642212,338.5707092,150.2356873,0.879067242
704.2284546,419.7578125,0.95543766,418.1035156,490.0119019,0.714578331,573.413147,103.2390442,0.881004512,341.8925476,150.6119232,0.855876803
691.7810669,428.1877441,0.934990644,419.2019958,490.1497192,0.730328083,575.6953735,105.4042664,0.921693802,344.2493896,150.3766632,0.814091086
681.8972168,435.3450623,0.969469011,421.171936,490.4707947,0.72996223,578.3831787,108.1731339,0.891678691,347.5414734,150.3412628,0.809417248
674.5289307,443.4638062,0.947512865,423.2718506,490.5476074,0.742855728,579.9721069,109.4590683,0.904483318,349.6634827,150.6541443,0.833572447
666.7755737,450.3963013,0.964638114,425.2531738,491.0272827,0.727754653,582.826416,110.0482941,0.876070976,353.1765442,148.8340607,0.876164377
659.8093872,457.4537048,0.961001515,426.9122009,490.8224487,0.698588431,585.225708,110.9559784,0.838640571,356.1286011,148.7135162,0.877044618
653.8651123,462.8196106,0.936118245,428.947052,491.5157776,0.68549031,589.3087158,111.1164627,0.891819835,359.1102295,148.4650269,0.864691854
647.4373169,467.6231384,0.967875719,430.5325317,492.9440918,0.748615623,591.1899414,112.6780853,0.913396716,362.7703247,148.3385773,0.813862026
641.736145,471.5153809,0.951705277,433.7540894,492.3173218,0.801715791,596.4880981,113.4246979,0.928256452,366.8130798,145.4829712,0.872712433
633.9281616,475.0861206,0.91302532,438.0166321,493.0073547,0.787385762,600.1544189,113.5427094,0.906605422,370.2876587,146.600769,0.899095058
633.7005005,476.7761536,0.924217284,441.270813,493.4565125,0.768595934,604.8225098,114.0456924,0.913810551,374.3385925,147.3660889,0.878684938
633.3153076,481.0751038,0.944325447,444.5565796,494.1355286,0.736328542,608.9100952,114.2718506,0.942141771,378.4734497,146.7306213,0.846972346
633.6972046,486.211731,0.945011675,442.8783569,495.2563477,0.764260054,613.5307007,117.5533752,0.955220401,383.1634216,144.5446625,0.897261024
634.5426025,489.5322571,0.924822986,444.8042297,495.7399597,0.827592492,616.5368042,118.6797104,0.910123587,386.6760559,145.5076447,0.906340957
637.6566772,492.8128662,0.920283198,447.2054138,496.2138367,0.847977638,622.3157349,120.0226364,0.931788743,391.2989502,145.6244812,0.891164422
643.163147,496.6455383,0.958036423,452.1134338,496.7121887,0.839900434,628.7298584,123.4297714,0.920250714,397.6864319,145.3152008,0.867897153
649.1942139,498.585022,0.963233948,457.0742188,497.4303284,0.840881109,636.2863159,124.4494324,0.854873955,403.7817078,145.625,0.90508616
654.0196533,499.5272217,0.962952554,460.2624207,499.3262634,0.802749515,643.5111084,126.5083542,0.883445442,410.1474915,145.1039429,0.860764682
655.7050171,502.9832153,0.962957978,468.1159363,499.7338257,0.81309551,650.5837402,128.1510468,0.870102525,417.8386841,145.0271301,0.905501366
656.8701782,505.5918274,0.954502285,473.5958862,500.5693665,0.775432467,659.0393677,129.9234467,0.932553291,424.6739807,146.3908081,0.875854254
659.5043945,507.2807007,0.926104248,478.0568542,503.6705933,0.721639693,665.288147,132.5474243,0.894417644,432.0706482,144.9979401,0.896325648
661.3213501,505.6930237,0.913332164,482.3354797,505.7648315,0.724612951,671.8933716,133.199234,0.94022125,438.6104736,145.8929749,0.905031085
664.1074829,506.0726318,0.895597994,485.8366394,506.7244568,0.758368909,677.6027832,135.0415497,0.947876155,444.2559814,145.1316376,0.861389399
665.7069702,506.3638,0.885442257,488.2818298,507.3969116,0.772151828,683.4917603,134.4340363,0.902502596,449.5355835,144.605423,0.894446254
667.4241943,507.1431274,0.860822976,489.7861328,505.4681702,0.731654167,688.6651001,134.750473,0.943868339,454.3312378,145.5807037,0.907165051
668.1183472,508.7342224,0.887035608,491.4815063,509.6159058,0.730195224,693.593811,136.7802277,0.950278044,457.5883789,145.1627502,0.884912372
670.5593262,509.0722046,0.900096714,492.6496887,509.2691345,0.790296853,696.2073364,136.236557,0.916582525,462.3609924,143.3623199,0.856191337
672.3668213,508.9387207,0.907620132,494.0846863,508.7504883,0.818875313,700.5721436,135.9631958,0.906811237,465.2425537,144.0053101,0.889937699
673.9838257,509.6729736,0.904523432,494.9394836,508.4563599,0.851740837,704.6477051,136.138443,0.943159342,468.7157288,144.0694122,0.916045785
675.1734619,510.1872253,0.899297178,496.0592651,508.3128967,0.861512899,707.590271,137.8422394,0.940052986,471.8477173,143.7206116,0.898555517
676.0933228,510.1937561,0.895217776,497.2376709,508.7628479,0.853973746,710.2067871,138.4562073,0.928191841,474.7296143,144.0033722,0.849441111
678.3419189,509.6791687,0.893864036,499.368927,509.4608154,0.840845883,711.9888916,138.1008301,0.892800987,478.1484375,142.9489288,0.865380228
680.335083,509.1925659,0.880285144,501.2517395,510.3464661,0.850485682,717.8822021,136.8394928,0.865417361,480.0884705,144.5004272,0.879185319
681.432251,509.1713257,0.863757193,503.1456604,510.855835,0.847413123,718.2703247,138.1994934,0.913114429,483.1131897,143.5797424,0.898720503
680.8835449,508.7632751,0.853776276,504.8075867,511.0820007,0.84866786,720.7487793,139.7763367,0.888263166,486.0744934,144.0840912,0.90590775
680.0956421,508.2814636,0.848626256,506.3451538,511.3752747,0.847379267,722.8041382,140.9204559,0.873547554,488.3050842,143.5883331,0.884587586
681.3378296,507.9145508,0.837772965,506.5144348,511.3865662,0.838980436,724.5379028,141.1250153,0.877706051,489.9867249,143.1886749,0.852552652
682.8455811,509.5773621,0.817780197,505.5032959,511.2902222,0.825003088,725.8953247,140.7147675,0.87669456,491.7412415,142.8904266,0.853194356
683.8800659,510.0560608,0.843214571,504.7102661,511.8075256,0.808561862,727.5582886,140.7949219,0.839606464,493.1754456,141.2668762,0.871168673
685.1990356,509.6913452,0.841860235,500.6065979,511.5140076,0.796476305,729.2944946,141.9283905,0.782203078,493.7956238,141.125061,0.887951255
685.9291992,509.3605042,0.834214985,493.6618347,511.4603271,0.786821187,730.0532227,142.4663544,0.785765827,494.8467712,140.2375793,0.891686738
686.0726318,509.1958618,0.832032323,487.7807312,506.8954468,0.758473873,731.6098022,142.9015503,0.799721003,496.3660889,139.3936615,0.8872118
686.0569458,508.9131165,0.816423833,479.9987793,504.2713928,0.660853028,732.8068848,142.7357788,0.821512401,498.1424561,138.609787,0.884003937
687.2884521,509.7502441,0.818675935,468.678833,498.6199646,0.797112823,733.8217163,142.6999969,0.853572309,498.5846558,137.233902,0.875848114
687.8032227,509.3676758,0.814685881,455.2263184,492.2529297,0.758455038,734.1296387,142.9316406,0.846775293,498.9470825,136.5936432,0.882999182
688.9864502,508.9533386,0.819637418,440.7987976,484.7860413,0.747855723,735.0108643,143.1971741,0.85531956,499.5807495,135.759613,0.8989802
691.1836548,508.2712402,0.811917305,427.7566528,476.1567078,0.691012263,735.8078613,144.0273743,0.824673593,500.6154175,134.9865417,0.908607423
691.5932007,508.2037354,0.810146511,417.4089355,469.8267517,0.614516616,736.9086304,144.2277069,0.813489199,501.4448242,133.8141022,0.915831387
691.0255127,508.0679321,0.803350985,409.7121277,461.4597168,0.695801795,737.1712646,144.0214386,0.817818642,501.6888428,132.1626282,0.923738301
690.8479614,507.7655029,0.800968349,405.1229248,453.3558655,0.630176067,737.8150024,143.8473206,0.819389641,502.6959839,129.8043518,0.935772061
690.9060059,507.8224487,0.793829322,404.958313,448.0021057,0.618193805,738.3253784,143.87854,0.832532465,502.6741333,128.2679291,0.93899107
691.9483643,507.6225586,0.785984635,403.7304688,441.845459,0.636946082,738.7468262,143.9012299,0.846372426,501.8049011,125.6757355,0.924954951
694.2015991,507.6151123,0.798442125,401.2727966,435.5386353,0.55448097,740.265564,144.6544952,0.862029731,502.4414673,123.2591248,0.912023425
694.2166748,507.5800476,0.794274569,399.6998901,428.9371948,0.588626981,741.4107056,145.2064514,0.869380951,502.8575439,119.8959045,0.929871202
694.2752075,506.7888489,0.810910642,396.8097839,421.6396484,0.539628923,741.7727051,145.0453949,0.854272544,504.1043701,117.048851,0.930301726
694.3237915,506.3487854,0.832089245,395.5058594,414.22995,0.57469219,742.1188965,144.8561096,0.857356548,503.9662476,113.6138077,0.930769861
694.4404907,505.7003174,0.841191232,399.0567932,410.7052307,0.533896267,741.8552856,144.7796173,0.868460894,504.2657471,110.5008545,0.913432121
393.355835,401.4025269,0.851774812,694.9181519,504.3960571,0.496912718,741.8863525,144.7611084,0.863371313,503.9619446,108.745079,0.870719373
695.0528564,505.4792786,0.848398924,399.8807373,398.0658569,0.515851974,741.9552002,145.2248535,0.876454592,503.8472595,105.8755112,0.857492387
695.0527344,505.5073853,0.865485489,401.4973755,395.7205505,0.526649833,741.9691162,145.1867981,0.883033693,504.4005127,103.2655182,0.881803513
694.2333374,505.4452515,0.866076469,404.7805176,393.5414124,0.480769902,741.5111694,145.2980194,0.88266629,504.8440247,101.4713593,0.8735708
407.1893311,390.1990967,0.856984675,692.5247803,503.9977722,0.527682781,741.1731567,145.1907806,0.886740983,504.6907349,99.25218964,0.872587919
408.6996765,391.2802734,0.850399971,690.1444092,503.6657104,0.51708889,740.6391602,145.1034698,0.896792233,504.3226318,97.98358154,0.877884686
409.7383728,391.5646057,0.848308861,415.3125,394.1101379,0.489747524,740.1868896,145.146698,0.896470964,503.7750549,97.16941833,0.881240368
688.1546021,505.2560425,0.821074665,416.215271,397.1025391,0.515488148,740.2440186,144.9157257,0.889057815,503.7142639,95.94258881,0.860719979
688.4464111,505.0685425,0.830600381,417.7093506,396.384552,0.575220168,740.2439575,144.7956543,0.894610882,503.9700317,94.83307648,0.810493231
689.6546021,504.7506104,0.842742324,419.4763794,396.7456055,0.554473937,740.9295654,144.8669128,0.892826557,504.3856201,95.53600311,0.771319747
690.5182495,504.5447388,0.85541445,421.7123718,397.4343872,0.50757426,742.0365601,145.1011658,0.888973296,504.3613281,95.25108337,0.768441439
690.8864136,504.5506287,0.859370708,690.0619507,503.2845764,0.49767223,742.2862549,145.0617828,0.89743638,508.1824646,97.13381195,0.794445336
691.0915527,504.5241089,0.861072958,690.2084351,503.1430664,0.503348112,742.4817505,144.994873,0.893254936,504.8703918,95.43461609,0.786391258
691.5963135,504.1539917,0.854869425,429.6147461,409.0505676,0.525716722,742.4452515,144.9656982,0.88925308,504.5211182,96.21797943,0.7959162
691.5450439,504.2775879,0.853246093,430.859375,411.2920227,0.50476104,742.0706787,145.1544647,0.895887613,504.5925598,98.00695801,0.854692817
691.5227051,504.3943481,0.852189541,432.2373962,414.6711121,0.579174578,741.2920532,144.9071503,0.885688007,504.0576477,99.71587372,0.888225794
690.9176025,504.1211243,0.851156116,689.9712524,503.0890808,0.498186052,740.7713013,144.7452393,0.875906229,503.4598694,101.5569153,0.903948426
690.0505371,504.3125916,0.846313,689.4580688,503.2160339,0.487169117,740.1062012,144.5642548,0.894228876,502.7268677,103.3395157,0.90129745
689.442688,504.3844604,0.846926749,445.3197937,430.0273132,0.50938648,738.5516968,144.34198,0.895935357,501.5686035,105.6863785,0.872084498
688.7530518,504.7602234,0.843188882,445.2177429,434.9370117,0.502220511,737.4133911,144.1178894,0.881321251,500.5305176,109.0052338,0.886186063
688.6710815,504.5715637,0.842644453,448.7020874,441.6456299,0.540868044,736.1987915,143.9292603,0.85105145,500.1869202,110.5387802,0.921428859
688.1846313,504.6664429,0.839264929,450.4545288,446.4920959,0.613346696,736.2572021,144.2615662,0.869861245,499.5486145,112.7425308,0.954372525
687.3821411,504.4541931,0.831921756,453.3530273,452.699707,0.512279451,735.0435791,144.0154114,0.865418434,497.2243652,114.4855194,0.956255615
685.9227295,504.0440979,0.817961633,461.2468567,459.6362,0.541041434,734.0414429,143.270462,0.872537911,494.4685059,115.8003235,0.932769299
682.7724609,505.0718994,0.801833093,461.0327759,464.1520081,0.662942946,730.7457275,143.955307,0.837285936,489.687561,117.1279907,0.901757598
681.4345093,504.5712891,0.830216348,462.2893982,466.4790955,0.640336514,728.8358154,143.9982758,0.845521808,487.9946899,119.0718689,0.927185416
680.5688477,503.9844666,0.849006355,465.286438,468.7395325,0.586350262,726.7069092,144.3427429,0.86318934,486.1972961,120.9977188,0.935452461
679.1008301,503.2452393,0.851121187,467.358551,471.8996887,0.61381954,723.8848877,142.6502228,0.866121471,484.833313,122.6375198,0.905685246
677.5371704,502.7329407,0.853351235,469.1780701,474.8337097,0.70136714,721.7160034,143.3153381,0.87090677,482.821167,124.6495743,0.901749074
675.1016846,502.8170471,0.857803047,471.0523071,479.0589294,0.719571173,719.7943726,142.75354,0.879612803,481.7648926,125.5472946,0.918217242
673.1936035,503.2640991,0.850061715,472.5369873,482.9161377,0.752678871,716.9727783,141.7727661,0.852413058,479.4107361,126.8331223,0.92549777
672.274353,503.1101379,0.850146174,474.9223938,486.5995178,0.669126749,714.0915527,141.5505219,0.77659893,476.4068298,128.4566193,0.917057693
671.1801758,502.8016052,0.85098505,478.5436096,492.5908203,0.706445277,710.203064,141.4762726,0.821848035,473.2026367,127.4936676,0.933562994
669.5724487,502.7695007,0.83626771,480.3597717,492.8338623,0.808355868,708.9649048,142.4842072,0.860277057,470.8082275,129.683609,0.956170499
666.128418,502.978241,0.862538338,483.1188354,494.2245789,0.818714201,705.5769653,142.1426392,0.866129041,468.1233215,131.1256714,0.963476121
665.3805542,502.7419434,0.875870526,485.7757568,495.2806702,0.814609408,702.6984253,141.1981812,0.895115972,465.1340027,132.7954254,0.954374909
664.7861328,502.3894958,0.888997138,485.0601807,496.713501,0.852684498,700.4211426,138.874939,0.847853482,461.0134583,134.0491638,0.89445281
663.9747925,501.8919373,0.894512355,480.7489014,497.4547424,0.863370001,694.4578857,139.3900604,0.90671277,456.0895081,136.9757385,0.887142062
662.1276855,501.1000671,0.903680325,476.8665466,499.2561951,0.854838669,691.0469971,138.3837891,0.92409569,454.0808105,139.6835327,0.884741843
658.8554688,500.6817322,0.901331067,473.9293518,497.0626831,0.908162713,686.699707,136.3455353,0.936330855,450.5636292,139.9416046,0.886793375
654.7757568,499.5278931,0.888312161,473.4894714,496.280304,0.910135925,680.8070679,137.3896332,0.885811269,445.50177,140.1734619,0.878931105
650.0865479,500.3497314,0.892029524,472.311554,496.1570435,0.911160886,677.4215698,136.6307526,0.936961532,440.5036316,139.6054077,0.87447083
647.8764038,499.6170044,0.906432807,470.6543274,496.0902405,0.891526759,672.786377,134.374939,0.929041445,435.0237732,139.4457397,0.894739211
646.2637939,499.3252258,0.920557737,469.1801758,496.1381226,0.882483363,667.7894897,133.6047363,0.88199836,430.5834045,139.2433777,0.889698148
643.5967407,499.0901184,0.920908093,467.491333,496.2071228,0.885803998,663.2305908,135.5130615,0.922370136,427.5675659,139.0688019,0.857858598
639.9276733,498.3508606,0.915976822,464.8733826,495.7120361,0.897535086,659.5419312,134.243515,0.937636495,420.9768677,138.3904724,0.892585158
637.3745117,497.6173096,0.911119401,462.1292725,495.5951843,0.890741408,653.5949707,132.475708,0.922724485,417.0934448,140.4432373,0.891806841
633.5409546,497.644104,0.918482661,459.9939575,494.8956909,0.856197953,648.1154785,132.9592438,0.898452342,413.2111206,139.5268402,0.893641472
630.6149902,498.0030518,0.922810137,459.039917,494.9772949,0.817143798,644.4539185,132.6033783,0.937273562,408.3416138,140.3600616,0.883994639
628.2225952,497.9388733,0.924480319,459.6410828,494.2914124,0.788942635,638.7501831,131.5083771,0.923318923,403.3438721,141.2569122,0.924347639
625.2473755,497.9340515,0.929676414,459.6322021,494.2911987,0.779194713,633.2470703,131.4446259,0.87789309,399.3091736,142.3752899,0.927636564
623.6508179,497.6422119,0.931598842,458.5375671,493.7675171,0.787728429,629.6471558,131.0991974,0.923849821,395.8256836,144.1072845,0.891708076
624.081543,497.4671326,0.939866543,455.4934082,493.8641663,0.807664573,625.5735474,129.1184082,0.913704455,391.0994263,143.5399323,0.933112979
628.5839844,497.0196228,0.949854076,453.709259,493.9902344,0.790192246,622.2163086,127.9118042,0.898127973,388.7518311,144.5302887,0.947976172
637.5557251,495.0329895,0.952446938,450.0139771,493.3388672,0.812975407,618.5126953,128.5179138,0.871183336,386.7393188,145.3082275,0.94549346
650.2628174,490.5414124,0.935082376,446.4136353,493.5064697,0.810464501,616.4090576,126.8684921,0.848009706,384.989624,145.8482208,0.938308239
666.0266113,485.9828796,0.964577556,445.3492126,493.7249756,0.805200994,614.7695313,125.2484283,0.829722226,383.6117249,145.8572845,0.917176664
681.7307739,479.0085144,0.970248759,444.7965393,493.8555298,0.781351507,613.4609375,125.1125565,0.88397181,382.2602234,145.4849243,0.909173667
697.6077881,468.0699463,0.977619648,444.3508606,494.2452698,0.772628844,610.1171265,123.4874268,0.912083387,380.5717468,146.7758942,0.880619764
714.5019531,453.9454651,0.971181929,443.3036804,494.8514709,0.743689001,607.9035034,119.9090881,0.933072865,377.7402649,146.8456421,0.89696753
730.8215942,438.7192078,0.963058591,442.9318542,495.4292908,0.740320206,604.730896,117.2503052,0.913894951,375.24823,148.0042267,0.91882062
745.8806763,421.2391052,0.970316589,443.7221985,495.9258118,0.778265059,602.7287598,114.583786,0.871672451,372.383728,148.8025513,0.923371553
758.3480835,401.6008606,0.971194148,443.9349976,496.0073547,0.765607178,601.2404785,111.4377136,0.862548649,370.7505188,149.016922,0.920446396
770.3261108,380.2628174,0.910132527,443.8010864,496.0634155,0.746244848,599.7488403,108.5806656,0.838192284,369.4541321,148.6665955,0.905219853
780.5654907,355.5069275,0.937512338,443.5257874,496.0689392,0.709797919,598.4174805,106.0281067,0.932240307,367.8479004,148.3353729,0.882726848
791.9379272,331.8072815,0.876627147,443.4287109,495.7265015,0.682740867,596.5050659,101.8295364,0.917687178,366.5160828,148.2058868,0.86796695
803.2695313,308.2237549,0.952697694,439.8626709,495.7174988,0.72639823,593.8577881,96.87871552,0.929448903,365.2064514,149.9888458,0.857238889
808.0460815,284.9393921,0.90797013,434.8171387,495.2384949,0.736788213,592.1992188,95.51847076,0.889990211,362.45578,149.3323364,0.859442353
815.1610718,264.9589539,0.823944628,428.2419739,495.3828125,0.680848062,591.5314941,97.14109039,0.921127558,361.1567383,149.7311249,0.876003146
818.2260132,241.9598541,0.941022336,426.2944946,493.853302,0.6780864,592.4935913,98.65060425,0.950522721,359.5661926,149.4534607,0.898928583
820.5769653,222.3886414,0.925471187,421.9157104,493.7541504,0.676811814,590.5699463,98.01951599,0.923100054,359.3414001,148.8957672,0.918082893
823.1810913,207.2066345,0.784757555,417.9208679,494.0664368,0.68507421,591.0950317,95.00208282,0.913345277,358.9664612,148.5305786,0.923967719
417.7263794,492.842865,0.652812421,415.3426819,493.959198,0.70939064,591.0629883,92.67932129,0.910877883,358.8601379,147.7812195,0.92816925
416.0993042,492.4812622,0.625686824,413.3296204,494.0419922,0.668291986,590.5223999,90.47277832,0.873217344,358.6906738,147.2362366,0.927762091
414.5259094,491.9699097,0.591337442,413.0610046,492.7909241,0.652912676,591.3707886,90.0115509,0.881237566,358.5197449,146.9759521,0.923833132
414.0653687,491.8694153,0.578069508,412.5161438,492.8014832,0.662438929,591.0187378,88.92826843,0.901790857,358.4563599,146.746048,0.927200377
413.9725647,491.8410339,0.570862412,412.37323,492.8359375,0.671071351,590.6225586,87.93476868,0.906621873,358.5337219,146.9168549,0.9247486
413.86026,491.912384,0.559867263,412.4644775,492.9486694,0.671791077,590.4458618,87.9312439,0.903127849,358.95224,147.2749023,0.925364733
410.657196,492.4140625,0.55208534,410.7692261,492.7746582,0.689033329,590.8853149,88.36257172,0.921118498,359.9745483,147.3808899,0.920976043
410.2659607,492.4694214,0.56026876,410.2445374,492.9084473,0.693630755,592.0578003,89.48477173,0.916187763,360.3975525,147.642807,0.916501462
834.635498,188.7021484,0.57542485,409.9450989,492.9546509,0.699202061,592.4622803,90.28660583,0.906752527,360.4776917,147.5573578,0.917521775
833.5773315,204.286499,0.615299821,410.2577209,492.9801331,0.696934879,593.1691284,91.79199219,0.92081517,361.2852173,147.9536591,0.908339143
831.0616455,219.5985565,0.664593816,411.5330505,493.1037598,0.691712558,594.1027832,92.92844391,0.932218552,362.464325,148.3703918,0.88665092
828.6325073,237.2840881,0.680802524,412.7365112,493.2276611,0.697481394,593.3624268,95.36269379,0.940407634,364.3753662,148.5394745,0.863877296
823.0317383,255.1110535,0.795849085,412.8665161,493.7255859,0.709669113,594.8098755,97.38703156,0.953758359,364.7506104,146.6430054,0.86705929
821.3059082,273.195282,0.908274174,415.8921204,493.8210754,0.773324907,595.4824829,98.27449799,0.964796782,366.1540527,147.7556305,0.878549695
817.3455811,293.3230591,0.904388845,419.1646729,493.6094055,0.763345361,597.3515015,99.89958191,0.966521263,367.7282715,148.2735443,0.883028269
808.0529785,312.5507202,0.876240075,421.4946899,494.4622498,0.761416197,599.8664551,101.7712326,0.959605217,369.5127869,148.6756744,0.89355427
802.9580688,332.7047729,0.875684202,425.987854,495.3308716,0.764476359,601.6123657,104.6660538,0.934951484,371.2366028,149.1814728,0.898395121
791.1474609,349.3866577,0.864145517,426.8234558,496.5211487,0.740178049,602.7510986,106.0047455,0.861846864,372.9417419,149.7400665,0.888861954
785.657959,366.7023621,0.928203464,427.243103,496.896698,0.78154099,603.9438477,105.3678284,0.835801423,373.8785095,149.869751,0.888588071
772.4535522,383.6739502,0.950843334,427.5358887,497.2518616,0.805623651,604.1538086,107.7253036,0.859935343,375.4960938,150.3031616,0.876954019
759.9744873,396.5820618,0.898625135,427.5623474,497.8167725,0.81694895,604.7772217,108.5956039,0.888424754,376.1751709,149.9347839,0.872227132
753.397644,410.8199768,0.912611783,427.3586731,498.2814941,0.818355262,604.5932007,110.5782013,0.911752284,376.6404419,149.6934052,0.864080429
745.0545044,419.3570251,0.97015518,427.4474487,499.006012,0.824844062,605.0900269,112.2656631,0.940374076,377.0769653,149.8392487,0.858856678
737.5296631,430.541748,0.958086967,427.613739,499.3258972,0.835607171,605.682251,112.8359833,0.94799459,378.1258545,149.5579529,0.859381974
730.543457,438.0990906,0.968710959,428.1360168,499.4206238,0.849922657,606.1450195,113.5781097,0.95364666,378.9863892,148.938797,0.858098447
723.47229,446.4788513,0.963950515,429.6294861,499.6756287,0.85283041,606.7583618,113.3476944,0.9575091,381.5055847,149.2277832,0.858249187
718.6750488,453.2142944,0.955742121,432.0281372,499.5121155,0.863948047,607.3534546,114.3504639,0.973196447,382.1327209,147.2279053,0.87789768
711.4959717,458.7327881,0.963331401,433.3933105,499.4588318,0.867397487,609.0050659,115.4517517,0.976331174,383.7122803,147.5967255,0.885237992
704.484436,465.1925964,0.974122822,434.907196,499.3800964,0.864934146,611.2966309,116.6609116,0.980563283,386.4577026,148.7156677,0.900904834
696.3883667,470.8814697,0.975702584,436.6843872,499.4182129,0.859583735,613.2485352,117.8010864,0.984201372,388.7450256,148.4099121,0.911424279
686.0040894,476.9604797,0.9479357,437.9377136,499.6895447,0.85977447,614.9102783,119.3740463,0.974671066,389.7557983,148.568161,0.917556524
674.5637207,483.4389038,0.977013648,438.7037964,499.5704041,0.864526451,616.2495728,120.1286316,0.965132594,391.1561584,148.4302521,0.911263525
664.5140991,486.4569397,0.972522557,439.250061,499.679718,0.860055208,621.1767578,119.9276962,0.951017559,392.1620483,148.2208862,0.906990409
653.5510864,491.2834473,0.931091368,439.6226196,499.5978088,0.863705993,620.7754517,121.5849457,0.951633573,393.3336792,147.4498291,0.892598033
644.7762451,496.3578796,0.967648745,439.8264465,499.4878845,0.864891231,622.1221924,121.4728775,0.952928305,394.5023499,146.7589417,0.884015501
641.993103,499.0485229,0.971506536,440.0769653,499.642334,0.867477238,624.0078125,122.0941696,0.946527421,396.3458252,147.6378021,0.868754625
641.6482544,500.5125732,0.968800962,441.6050415,499.9612122,0.852589011,627.8197021,124.138649,0.942522645,396.5245972,145.5176544,0.873376191
643.4783325,501.7896118,0.970466316,443.1003723,500.4167175,0.826887727,629.7681885,124.2161789,0.925613344,399.1856995,145.7495422,0.908690214
644.8236694,502.7622986,0.969455481,445.119812,502.671051,0.806535125,636.0858765,124.4821472,0.893131137,403.1242371,146.1006622,0.922447026
645.0146484,502.9067688,0.969807029,447.5211487,502.4090271,0.826856852,638.6637573,125.9001007,0.932653546,406.9301758,145.683075,0.930624783
644.9794312,503.0885925,0.968399644,450.814209,501.4672546,0.851314485,641.9893799,125.2185745,0.938667655,411.6170044,145.2745819,0.865066409
645.2164917,502.9909058,0.96580708,453.8743896,501.6708374,0.848545611,646.5571899,126.3498535,0.946100831,414.2880554,144.2334442,0.890194952
644.7612305,503.6188354,0.962564588,455.7483521,501.4250793,0.860361695,650.1934204,127.9261017,0.943854094,418.1010742,144.4328308,0.919827402
645.3965454,503.7139587,0.957563519,457.7658081,501.4741516,0.842364252,653.4520874,128.9525909,0.949213386,422.28125,144.3114319,0.928657234
646.5108643,503.961731,0.953504443,462.0669861,503.5138245,0.791890323,656.7193604,127.9844055,0.958832264,425.3163147,143.3686981,0.907191336
648.2985229,504.0730591,0.937298954,464.257782,502.9431152,0.802820802,659.8267212,128.2733307,0.953278542,427.3700256,143.2943726,0.863972843
650.7646484,504.059021,0.921534896,466.0358582,502.0700378,0.833259046,663.3962402,128.9092407,0.951950967,429.6954651,141.8123779,0.88789618
652.1071777,503.1369019,0.924230576,467.7001648,501.5256958,0.843909264,666.3381348,130.1486664,0.932242811,431.3486328,142.3191376,0.899206281
653.0997314,504.164978,0.923227727,469.3749084,501.4746704,0.854831874,668.526001,130.3572998,0.946139693,435.7014771,141.3709412,0.911079526
653.6415405,504.7489929,0.915937185,471.4299927,501.2038574,0.85743928,671.8755493,130.0996399,0.963715017,438.4249878,141.8124084,0.919622004
653.9902344,505.3610229,0.902109683,473.5037842,501.3014832,0.8488006,674.9056396,130.7042694,0.961570263,440.7980347,140.663208,0.868710995
654.6989746,506.0161438,0.8977319,475.3849792,501.7079163,0.804264426,678.3996582,131.812912,0.959361613,444.1923828,141.0727844,0.876846671
656.0956421,508.3493347,0.887106597,478.8129578,503.2150574,0.79870832,680.7984009,132.7353516,0.945355892,446.3805847,141.405365,0.903854132
655.3602905,506.7940674,0.892026484,480.4621582,502.8888245,0.822436571,683.6816406,132.1010895,0.934233129,449.2034607,142.5801544,0.890367389
657.4017334,507.8338928,0.905821681,481.9916382,502.2561035,0.836313248,686.2064819,132.1479187,0.957067847,452.2814941,141.4674377,0.919318318
658.3554077,508.7258301,0.912597597,483.776001,501.6579285,0.849596798,689.8356934,133.3220825,0.956406176,454.3039551,140.6043396,0.890864551
659.4192505,509.645874,0.916349888,485.4005737,501.3668823,0.856366038,692.4949341,135.1462555,0.962291956,457.0895691,140.1625214,0.849801719
660.4604492,510.1190186,0.913890183,487.3612366,500.7366943,0.869692504,694.6223145,135.8993073,0.958707929,460.73172,140.7958069,0.889215171
661.3652954,510.5072021,0.918496251,489.6494751,500.3327942,0.866715372,697.8774414,136.4181671,0.907588661,462.3926392,140.7861938,0.892426491
663.5946655,509.8570862,0.912408888,492.2845764,499.3699036,0.818063498,700.4169312,136.8278809,0.930846095,464.415741,141.2862396,0.882125914
664.227417,509.7519226,0.908654094,494.6103516,498.6808167,0.844511867,702.0963135,137.7241516,0.939682961,466.4375305,140.4165039,0.882348478
661.671814,509.9115601,0.896266758,495.0012817,496.6043091,0.872746944,703.7645264,138.8502197,0.923425198,467.4007568,137.0954895,0.904486716
660.1324463,509.8179932,0.87866807,496.6800232,494.7633667,0.854195774,705.4546509,141.1116028,0.902479053,469.3183594,135.0622406,0.924040437
660.1125488,508.3488464,0.860019982,499.2104492,492.5983887,0.844136417,706.0656128,141.9781342,0.893661678,469.5429382,133.2080994,0.939097822
659.9561768,508.0090332,0.853805542,501.2101746,491.353363,0.808961034,706.2852783,142.4371033,0.891746819,470.5747681,131.4261932,0.942272365
659.5549927,508.6389465,0.845965147,501.3580322,490.9077454,0.783563256,707.0532227,142.2170868,0.901871502,472.289917,129.6728821,0.937392175
660.34021,507.9723206,0.845699191,499.9232788,490.0405273,0.768206954,708.2956543,143.0439911,0.899876833,473.5227356,128.1444092,0.916910708
662.2965088,507.7329407,0.857593477,497.508728,487.5652771,0.753608763,709.5739746,143.36763,0.89373678,475.6222839,130.0618134,0.887401104
663.4640503,507.3463135,0.847835839,494.6268005,487.1076965,0.759039044,711.1780396,143.8514099,0.894753933,476.888031,128.6291809,0.905598044
664.1043701,507.450592,0.833320081,489.4350281,484.8337708,0.845837295,712.8621826,144.1877899,0.881272733,477.789917,127.0085297,0.905179203
664.8939819,508.4916077,0.834084809,484.5828552,484.4430237,0.854000151,714.152832,144.4645996,0.887054563,479.2649841,125.7383804,0.911321044
665.1487427,508.7481995,0.82081759,478.9508667,484.4996948,0.847158611,718.4519043,143.9023895,0.909868479,480.9647827,125.552475,0.890253901
665.0744019,509.1349792,0.807864964,473.0223083,483.0981445,0.882837594,718.0839233,144.8218536,0.923591971,482.899353,125.4475098,0.896033168
666.0773315,510.593689,0.814075708,465.5303345,482.4186707,0.895292699,720.1657715,145.1979828,0.921290576,483.5223083,125.2190704,0.895466566
668.7136841,513.220459,0.862062275,458.9099121,481.0447693,0.869742572,722.6033936,144.9881592,0.931711853,484.8820496,124.44767,0.885525048
669.848938,514.1409912,0.88992393,451.0380859,479.396637,0.899970591,724.4853516,145.8079376,0.924837291,486.5393982,123.6454163,0.871374965
670.3951416,514.8343506,0.888087869,443.2581787,480.2161255,0.893279731,726.6913452,146.8520203,0.92456001,488.6262817,122.2580109,0.843205929
670.5687256,515.6838989,0.870119035,439.0145874,475.8973999,0.894999921,728.0988159,147.4066772,0.916202009,488.6072388,121.2789841,0.840756476
670.7523193,516.5018921,0.863431633,431.569397,475.6130676,0.881517053,728.3261719,147.5443726,0.908334374,491.2124939,121.6824265,0.834551096
669.9987183,517.572876,0.845139444,425.4042053,471.4260254,0.865661681,729.314209,147.6571808,0.898116946,492.0528564,121.5036163,0.85125196
669.2427368,517.8372803,0.827798247,419.4025269,469.6734314,0.884717643,731.8294678,147.7393494,0.888481617,492.8699036,121.2080307,0.863205791
666.6992188,517.0064697,0.805395663,412.1332092,468.6103516,0.890605986,732.9052124,148.8759918,0.906529725,493.4761658,121.0660629,0.871971488
666.6660156,517.3907471,0.799649596,406.0458374,462.5175171,0.893832088,734.3845825,148.7714691,0.918501496,495.1017456,118.4951477,0.882823586
665.9296875,517.9395752,0.780934215,397.4996948,460.4431763,0.856276631,736.4250488,149.1377563,0.92152077,496.6404724,116.4602203,0.926424205
665.1588745,518.006958,0.787559927,389.0975342,449.9504395,0.903170347,738.6681519,149.4743195,0.917090237,497.7616272,114.9731445,0.937172949
664.440918,518.4003296,0.786287665,380.4092407,446.104126,0.895507634,739.5194092,149.7428894,0.91372484,498.4100952,112.1617203,0.944310665
664.0152588,518.571228,0.777300775,371.8598938,435.4902344,0.917651355,740.2547607,150.1957855,0.913769543,499.2408142,110.1861877,0.922486484
663.7318726,518.8634644,0.774661601,363.4269714,431.1144409,0.911929607,740.6953125,150.8929749,0.904743373,499.6262512,107.6884232,0.898076952
663.5025635,519.1818848,0.773484051,354.9004822,421.163208,0.897010505,741.6390991,151.4721069,0.891889215,500.7121277,104.4724045,0.923487246
663.5891113,519.3019409,0.777271509,344.9222412,416.14505,0.857543051,742.2727051,151.7095032,0.880331814,500.1743774,101.9450607,0.947904944
663.7359009,519.0134888,0.781535923,334.8764954,404.6584778,0.898483157,742.2294312,151.376297,0.882239342,500.2663879,99.35166931,0.961917698
664.0186768,518.6846924,0.785313845,328.927002,400.0965576,0.879534245,741.9088745,151.0508423,0.882301152,500.2367859,98.22503662,0.963714659
664.1088867,518.3353882,0.785148799,324.2313843,391.7042236,0.869875669,741.333374,150.5631256,0.901422322,500.1609497,98.40298462,0.963680327
664.2536011,517.9932861,0.780609846,321.6737671,389.4885559,0.886186719,741.0350952,150.2558136,0.891960919,499.8357239,98.23635101,0.964402139
664.0842285,517.5476074,0.786997736,321.9614563,389.1274109,0.886733592,741.0365601,150.0601959,0.894361019,499.247467,97.98599243,0.96458602
663.9271851,517.0374146,0.789228439,325.5248413,390.2802734,0.870713115,740.9360962,149.6685638,0.890336692,498.9595337,98.17299652,0.967063665
663.7525635,516.5443115,0.787553549,329.6792297,398.3381653,0.834610105,740.2145386,148.8112335,0.879294276,498.3502502,98.78656006,0.968287885
663.7009277,515.8274536,0.784482896,332.8171082,401.8477478,0.914185703,739.4570313,148.1207123,0.883981228,497.0787964,99.88973999,0.965096951
663.4508057,515.4996338,0.796399653,340.7277832,406.3622437,0.882925928,738.6287231,147.6404724,0.890201747,496.4581604,101.4162216,0.95575583
663.336853,514.8834839,0.802641809,346.3322754,415.5954285,0.918082595,737.5737305,147.161972,0.888123989,495.4054871,102.3565369,0.921580791
663.0880127,514.4382324,0.797255993,354.9255981,420.8836365,0.909379423,736.053894,147.2665863,0.897366703,495.308197,107.9739151,0.881455541
662.7797852,513.8117065,0.784036219,363.6260986,430.3040466,0.91125685,734.5825806,146.8142853,0.903032362,492.617157,111.306839,0.910017312
662.4598999,513.5518799,0.801845729,374.8196106,434.9049377,0.892281234,732.7188721,146.7127075,0.865342915,489.5852661,110.8214951,0.919983268
662.0283813,513.4813843,0.79766947,384.0054626,444.3268433,0.894311488,730.5661011,146.9741974,0.844019711,488.1027527,113.7161865,0.953728616
661.6613159,513.0506592,0.794764459,394.3976746,451.9832764,0.863049507,729.2034912,146.3938446,0.896457255,487.0744629,115.5876617,0.958648443
660.7723999,512.7106323,0.787538946,403.6034241,455.2410278,0.84381485,727.5220947,146.0152893,0.908923745,484.5020142,116.8921356,0.957733512
659.9562378,512.5701294,0.791492581,412.5586548,462.967865,0.885374784,724.9346924,144.5724792,0.889697015,481.6782227,119.0095596,0.946240962
659.0252686,512.6018677,0.800340056,424.5952454,466.8221436,0.890662909,722.8838501,143.6626129,0.909133673,479.9024658,120.361084,0.914804876
656.9620361,512.5328369,0.781066716,435.4411316,471.1392212,0.863002777,720.1953735,144.1234741,0.879743814,477.2855835,122.6843109,0.877262831
655.4546509,512.5955811,0.777324378,447.7545471,476.0970764,0.876874924,719.1730347,143.3272552,0.889018416,475.1665955,123.9494095,0.839836836
654.2774048,512.4278564,0.791570246,458.1008606,479.058197,0.863176107,714.3792114,143.7841339,0.845421672,471.7785339,124.4716415,0.889548123
653.2283936,512.354187,0.79726249,463.8762512,481.1516113,0.874834359,712.2195435,142.5965424,0.816168308,469.8120117,125.2909622,0.919010043
651.824707,511.9241333,0.764817894,471.7412415,483.6171265,0.847710133,708.7790527,142.0553589,0.858957291,467.1316833,126.3778152,0.941318631
648.2062378,510.3577881,0.772126377,478.1328125,485.08255,0.789137542,705.3932495,143.1021576,0.877825081,464.8035278,126.3972244,0.928813636
645.3378296,510.5684509,0.791019261,482.1381226,484.526947,0.79389596,702.3189087,141.4558716,0.892508328,460.8989563,127.1869125,0.910693586
641.366394,511.4420166,0.79993546,485.5749817,485.3117676,0.804237902,697.7907715,141.3440552,0.780595124,455.9395752,125.303894,0.928113878
639.7122803,511.4934692,0.784661353,487.4543457,485.8115234,0.788419068,693.6473389,141.466568,0.859747529,452.088501,126.8293762,0.955907464
638.2449951,511.2088013,0.800283015,487.0217896,486.9704895,0.777392685,689.7539673,141.7936859,0.882912874,449.0057983,128.2553864,0.954949737
636.7991943,510.9901428,0.805509567,485.2215881,490.522583,0.761045694,686.5248413,138.1834259,0.900969803,444.3222046,129.6176605,0.924565017
635.2827148,510.64328,0.776207149,483.6548767,491.8323669,0.821572602,680.0097656,139.9343262,0.859122872,440.4370422,130.486908,0.933285832
633.4639282,507.8401794,0.775549293,479.3042297,493.79599,0.847375751,676.2744141,139.8265381,0.885641515,435.4745178,132.8577881,0.954870582
631.2116699,507.4046936,0.799427748,474.6399231,495.8383484,0.850963712,671.8341064,137.9915924,0.931523025,431.8011169,134.9046478,0.92950201
629.0933838,507.6546021,0.803604066,467.3371582,498.385437,0.850371063,664.6845703,138.1698456,0.886733234,426.4726257,138.6540527,0.848054647
628.612793,509.5072327,0.812724411,459.4541016,500.1868896,0.822418571,660.6783447,138.7769623,0.931184471,420.2138062,140.1608124,0.916059315
624.7789307,509.6880188,0.827314496,455.0778809,501.839447,0.851547837,654.2775879,135.747757,0.938773215,414.2906799,142.2393799,0.914343297
619.8012695,507.5058594,0.773887575,450.3340759,503.0831909,0.82914716,646.8182373,137.0925751,0.931863368,406.7351685,143.1867371,0.940724969
616.7485352,506.5974426,0.810465515,445.3781128,503.8183899,0.812249422,641.2080078,133.9261475,0.935909033,400.6248474,143.7155151,0.948312223
614.1824951,506.9984436,0.839698792,440.3535156,500.0999451,0.888647258,635.0046387,131.9137421,0.894162595,395.1435852,145.6587067,0.892733157
612.4078369,508.5846863,0.836534798,437.9439697,500.5047302,0.883581042,629.6271973,132.2977295,0.931012094,389.1836548,144.6148987,0.955627918
609.1219482,506.9400635,0.85330236,436.0075073,499.1596375,0.871259451,625.4502563,129.0019989,0.930602551,385.2980042,146.6745148,0.954829514
609.3598022,505.6498718,0.879733026,434.0869446,498.3629761,0.866721809,622.5663452,127.7694473,0.901991189,381.1998901,146.8773956,0.932951272
612.2581787,505.0140381,0.90667206,430.1347961,498.827179,0.870957673,619.4822388,126.2466965,0.843853712,377.4824219,145.9675446,0.906508446
616.8985596,503.6199646,0.916063726,426.2486572,497.2428894,0.874727905,615.4451294,125.15345,0.876966596,375.164093,146.1298218,0.943062067
624.3599854,501.187561,0.935858071,422.3019714,497.5112,0.885076642,611.6392822,123.3397598,0.930051923,371.9005737,146.8194427,0.950521827
630.9035645,499.0162354,0.944512367,417.4811707,497.6182556,0.897575259,608.237915,120.8518677,0.944445908,368.4924316,147.8110809,0.924480021
639.0712891,495.4800415,0.941732585,413.8160706,498.1555786,0.890174091,604.6792603,119.1034622,0.923323691,364.3373413,147.3500061,0.909159184
648.0192871,490.64151,0.908280313,411.9667969,498.413269,0.852457047,600.0007324,118.508316,0.920660377,360.860321,147.5371094,0.918761134
662.0560913,486.9784851,0.957866848,409.3461609,497.4091187,0.870199382,598.1908569,116.7840958,0.940731883,358.2644043,148.1310425,0.937742174
672.8345337,480.6677856,0.953303337,406.1466064,497.7452698,0.877983868,595.5825806,113.2427902,0.9324404,355.1557617,149.2655334,0.937137902
682.1004639,471.4909058,0.931250334,402.9938049,497.6733398,0.885302424,593.1572266,111.7051392,0.905818462,353.3164673,149.5135193,0.926478803
698.177063,466.15271,0.962689877,400.7296143,497.4321289,0.894665003,591.9665527,109.0634689,0.90512234,350.9948425,149.5066071,0.905372262
707.9470825,459.0387878,0.939052105,398.2408752,497.9374695,0.887359262,590.1224976,104.5033798,0.910702646,349.0461426,149.7268982,0.881507993
719.022583,450.5641785,0.954769969,396.93573,497.6499634,0.861624956,590.1223145,104.1359024,0.879826486,345.571991,149.0144958,0.895075738
726.5394897,444.3154907,0.943561733,393.4878845,496.2428894,0.872910678,585.5214233,101.8845291,0.865663588,344.0923157,149.5828857,0.922499478
730.5925903,437.8108826,0.94191134,392.0816345,496.1193542,0.886458576,584.6862183,98.65031433,0.87741071,343.5167542,150.3050232,0.920152724
737.5280762,434.2804565,0.964355767,391.3071594,496.0223083,0.892204762,584.1654663,95.847229,0.871618032,342.5976257,150.775116,0.931432724
742.038147,429.2952576,0.941854596,389.7236023,496.1555786,0.89663887,584.9741821,93.46028137,0.781883299,342.1872253,151.3137817,0.931963563
743.9215088,424.1322327,0.946363986,388.6790466,496.2352295,0.895797908,583.5807495,92.36465454,0.864158332,341.8969727,152.0102844,0.927950561
750.9053955,419.0054932,0.938771307,388.2168274,495.7234497,0.896863878,582.7300415,90.71349335,0.908252299,341.8694763,152.4180145,0.92610091
752.9753418,416.2888794,0.952344537,388.3798828,495.7946472,0.896638751,582.3208008,89.46443939,0.917764723,341.770874,152.7400818,0.917080641
757.1781006,411.7868042,0.929682612,388.8512573,495.7227478,0.893377542,582.6066895,87.90007782,0.923532903,341.9309692,152.8544464,0.916011214
761.6728516,405.6576233,0.949689269,388.8192749,495.7233276,0.894859612,582.7293701,86.99467468,0.929063261,341.98703,153.3285828,0.906236708
769.5067139,400.9833374,0.955503285,389.5169373,494.8882751,0.879386187,582.2290649,85.36911774,0.923457563,341.7937622,153.6122131,0.907688141
774.7641602,395.4098206,0.932442427,390.2528992,494.773468,0.878699243,581.8360596,84.24147797,0.926664352,341.3573303,153.6320801,0.908107519
777.9227905,388.8372498,0.943852484,390.3236084,494.6591797,0.879041791,581.6501465,82.45482635,0.903123438,340.903656,153.8157654,0.904905319
784.7637939,386.1189575,0.955571532,390.4110107,494.5723267,0.881919444,581.4624634,81.57687378,0.873413563,340.5679016,153.9095154,0.9032107
788.6082764,382.8684692,0.95557785,390.4888916,494.6190491,0.879858792,580.7784424,81.03121948,0.860797524,340.072113,153.7550964,0.906612217
790.0702515,379.6487732,0.92138958,390.5771179,494.5862732,0.877162337,580.9993286,80.6604538,0.853011608,339.7536926,153.6347046,0.908119857
790.3638916,378.4787903,0.935995936,390.6706543,494.4352722,0.876694858,581.7229004,80.93512726,0.850839853,339.5072327,153.7550201,0.904132307
790.335144,378.736969,0.931637049,391.2288513,494.4329834,0.870163739,582.1964111,81.10860443,0.858709991,339.7782593,154.149704,0.902967334
790.5993652,381.3558044,0.928877473,393.0358276,494.5440674,0.856102169,582.6699219,81.13143921,0.861180544,339.782196,154.0782928,0.904107451
787.0445557,384.683197,0.958320975,394.1251221,494.9423828,0.833570778,582.8716431,82.16609955,0.874225795,340.58255,154.2260284,0.906575084
784.5900269,389.0037231,0.949721396,395.0332336,495.4253235,0.812767625,583.2605591,82.99893188,0.876097858,341.9881897,154.3199463,0.90276289
776.6576538,394.484314,0.908024848,396.4377747,497.1407776,0.814525545,583.5222168,85.2454071,0.899995923,342.1665649,154.1968536,0.903266013
772.3095703,402.5261841,0.96424228,397.2940979,496.7677307,0.845336437,583.8120117,87.12534332,0.904178977,341.9784851,153.8718262,0.906654358
766.8457031,408.8328857,0.928454757,399.4391479,497.4998779,0.880325794,583.9813232,88.0639801,0.903926194,342.6207886,153.6717377,0.899583697
758.4922485,417.7246704,0.968381226,403.6946411,497.8936462,0.867899299,585.2598267,88.44717407,0.875767112,344.3412781,153.342926,0.877220631
750.3074341,424.4530029,0.920251548,408.6944275,497.2393799,0.864548624,587.3876953,88.54606628,0.840105176,347.8822327,153.5267944,0.882573128
740.3706665,432.6762695,0.965645432,410.5128784,497.5558167,0.843502283,590.8967285,88.7664566,0.860961139,349.5849915,153.8377838,0.897734046
734.3239136,438.1740417,0.939305127,409.9958496,497.6918335,0.848262489,590.7584229,93.10323334,0.852338135,350.7579346,154.022583,0.907257378
723.7769775,448.1628723,0.963969171,409.4622192,498.0416565,0.858291507,592.2659302,95.30970001,0.869566977,351.9109497,153.7961426,0.903561413
714.1418457,454.0256653,0.960379124,409.1209412,498.1505432,0.867750466,591.757019,96.85527802,0.882708371,353.3846436,153.3282928,0.902257562
702.8973999,461.9280701,0.937017918,409.4116211,498.3809814,0.86781162,594.3712769,98.15215302,0.90561533,354.0003662,153.5741882,0.889171898
691.9199219,468.1049194,0.968858421,409.7043152,498.2793884,0.871707082,595.5992432,100.0951996,0.926700294,355.5718994,153.4965668,0.896933854
678.7243652,473.342804,0.956295311,410.0418396,498.2172241,0.877070665,597.6359863,101.9145355,0.948312223,356.5211792,153.0877533,0.916991711
669.9537354,478.3773804,0.930789709,410.2936401,498.118103,0.878416777,598.7327271,103.3382721,0.938685834,357.9153442,152.4349518,0.922214508
661.7150879,481.5229187,0.955446184,410.5543823,498.1620789,0.87851119,599.3925781,104.3088074,0.935779035,358.6443176,152.1639252,0.923401535
655.3758545,483.8690796,0.951069474,411.2206116,497.9871826,0.866064668,600.2216187,104.5907288,0.920814693,359.6160278,152.0702057,0.912931979
648.8677979,487.4011841,0.945716977,413.3919373,500.099884,0.855264068,601.9639282,105.1896057,0.882437706,360.7784729,152.3604126,0.893915236
643.930603,489.352417,0.947889626,415.7904053,499.5641174,0.872074723,605.2780762,104.2206345,0.86187309,364.7987366,151.5292664,0.85981071
638.3171997,489.3303223,0.925590158,418.0800781,499.2267151,0.882161498,606.4837646,104.9301605,0.912352443,367.0466003,151.6336212,0.883790135
631.5955811,492.3353271,0.885134578,420.8742065,499.0554199,0.880897522,608.0679932,107.5682678,0.896293402,368.1555176,151.5325928,0.913270831
634.0784912,490.8440857,0.888256848,422.9341125,498.6696472,0.892044902,610.0449829,109.1121979,0.900643587,369.6702576,151.8183594,0.922993302
631.4089355,492.7103882,0.911352336,424.1765442,498.2047729,0.895480871,612.0991211,110.2536316,0.891269684,371.9228821,151.9066467,0.924416661
628.5842896,494.9592285,0.925840974,425.8702698,497.9025269,0.883235216,613.1716309,110.5829544,0.903011382,374.2063599,151.0285339,0.917609215
625.5108032,496.1148376,0.938626587,427.1896973,497.7923889,0.851736128,614.6314087,111.5094604,0.923016667,375.9080505,150.3950195,0.893443704
624.2348633,497.9613342,0.944746256,428.3768921,499.5031128,0.852160275,616.0274658,113.3240967,0.935858428,377.2666931,150.0775604,0.889201224
624.0488892,499.0384521,0.95172447,428.9726563,499.0912781,0.870632052,617.9049683,115.4115372,0.904847622,378.8528442,149.7872772,0.867628753
624.637207,500.8572388,0.95281142,429.2545471,499.3279114,0.868360579,622.1500854,116.1797104,0.895626128,381.5913086,148.8892365,0.896941721
624.9526367,502.2139893,0.956888378,429.4386597,499.5730591,0.866702557,620.6583252,117.884758,0.932071507,382.6473083,148.1804199,0.904922664
625.4298706,504.316925,0.960049689,430.2944336,499.513092,0.867082417,623.1000977,119.3375778,0.941207111,383.9033508,147.9042816,0.911106825
625.3469849,505.9049988,0.958173335,431.142395,499.7178955,0.872906029,625.9693604,121.2690048,0.943170667,386.2035522,147.7510376,0.934252143
624.5338135,507.5126648,0.937246382,432.2525635,500.4735413,0.873204529,628.9481812,123.9006729,0.915205777,388.4667053,147.0031586,0.936097264
622.3326416,509.4234924,0.936663032,433.0090332,501.489563,0.860610783,632.475708,125.1032181,0.863417625,391.3211365,145.8187103,0.913351655
622.2749634,510.9447021,0.943503141,433.9436951,502.8505249,0.858433843,637.2736206,124.3260956,0.843845546,393.948822,145.2206573,0.881609619
622.2478027,511.7266541,0.939582527,435.5700378,503.9443359,0.844459474,639.274353,126.326889,0.914168715,398.5725098,144.7958069,0.907250345
622.8131714,511.9631348,0.939354122,438.0684204,504.2108154,0.839469492,642.307251,126.2137451,0.901968539,401.7784119,144.75737,0.916194797
623.7789307,512.4990234,0.941049695,442.7069702,510.0284424,0.820351362,646.4776611,126.9629974,0.916104317,405.9209595,144.3470917,0.920544803
624.8540649,512.7496338,0.940460324,445.9198608,509.8485718,0.897766769,650.0267944,127.8346405,0.885585904,409.9514465,144.3529358,0.884624243
626.1256104,513.4189453,0.939342856,450.1093445,510.1523438,0.896325767,655.1253662,127.8433075,0.917832792,414.3775024,144.8939972,0.882449925
626.539978,513.6251831,0.931430161,454.9364929,511.6897888,0.889015138,657.4332886,128.2590942,0.937107503,417.7555847,143.3978271,0.888861179
627.0550537,513.9915161,0.919777572,458.8388062,512.635498,0.875427306,660.9107666,129.2375488,0.940156579,421.3205566,143.5022888,0.909125447
628.1911621,514.0586548,0.913833559,461.4773865,514.3709717,0.848801792,663.9472046,129.9470825,0.926426232,424.7975769,143.447525,0.873497248
628.9085083,513.3479004,0.90646553,464.2791138,514.2560425,0.853700697,665.4546509,130.8234406,0.89672339,428.0498962,143.5343628,0.85515368
629.8127441,512.7526855,0.903534949,466.1745605,514.8106079,0.846572161,667.0184937,131.0439301,0.904505253,429.5250854,143.1079407,0.867003858
631.1827393,511.9308777,0.88743782,467.7226257,515.0474854,0.82247293,669.2572021,132.3435364,0.941082299,429.8565979,141.7930298,0.871632457
633.0611572,511.1166077,0.878697336,469.025238,515.6807251,0.809793949,672.2027588,133.8930664,0.949106097,434.0950928,141.2914734,0.863389432
633.6766968,511.1081238,0.870923162,469.161438,516.5831299,0.80578953,675.2281494,135.890976,0.952245295,436.8189392,140.9597473,0.893983245
631.7786255,510.6089172,0.854428768,469.9442749,517.5310059,0.775466323,677.4133301,136.6262207,0.954299688,438.3144226,140.2032776,0.865769088
629.7751465,511.6194153,0.835096776,471.9538879,518.5123901,0.743242681,678.5805054,137.1634674,0.950852513,441.1088867,138.8752136,0.829801679
630.0670776,511.766449,0.834079266,472.5822754,519.0651245,0.682135761,680.2758179,137.066864,0.919386029,443.9736328,138.5540619,0.841098785
630.9877319,512.1291504,0.839795411,473.677948,519.9575195,0.658037066,683.4788208,135.5937042,0.898943365,444.8621521,137.6654968,0.870017529
632.5968018,512.8318481,0.836380422,473.449646,520.6676025,0.643948555,685.1254883,135.2741241,0.9316594,446.4150391,138.0837402,0.864185572
634.0813599,513.8290405,0.845140278,472.5711975,521.6815796,0.644587457,687.4265137,135.6495056,0.955141306,448.7551575,136.6177521,0.897419214
636.4881592,514.4767456,0.847958565,470.6618958,521.6317139,0.625681341,689.3527222,136.2736816,0.955820441,450.6520386,136.7278137,0.903431654
636.2805786,514.1777344,0.837703288,470.1443481,520.6846313,0.614726782,690.9017944,137.2713776,0.955255866,453.0449219,136.5379791,0.906532526
633.5477905,513.0040894,0.829026818,470.5748291,520.3094482,0.565688014,691.6674805,137.4399109,0.956622481,454.5335999,135.70784,0.911356688
633.0036621,512.7098999,0.827594042,470.6261292,519.0720825,0.543754041,692.3381348,137.4328918,0.960047305,455.4955444,134.313797,0.90435189
632.6769409,511.7204895,0.823221326,633.4869385,512.7821655,0.532574892,693.1000366,137.2546082,0.960462153,456.0095215,133.7236481,0.904425681
469.3244324,515.4678955,0.830254316,633.463501,512.4711304,0.541487932,693.5860596,137.1945343,0.961929262,456.3406677,133.1555634,0.904901206
468.6864319,513.8724976,0.82085222,634.119751,512.2056885,0.527897835,693.6350708,136.8277893,0.961969495,456.2687988,132.8120117,0.911942899
468.5262451,512.7276611,0.819928467,468.7606812,512.7622681,0.552081406,694.1393433,137.1408386,0.960159063,456.7338257,132.6175232,0.907081366
635.7572021,512.4346924,0.816549659,468.9515381,511.2301331,0.528473735,694.647522,137.7418976,0.955624759,457.0346375,133.191864,0.895810246
636.0584106,512.4998779,0.818680584,638.5925903,512.4439697,0.513060093,695.1143799,137.594696,0.951670051,457.3232117,133.2232971,0.887050927
469.731842,506.4261475,0.830480039,638.9891357,512.5044556,0.508600056,695.0733032,137.5146179,0.952731013,457.4945374,132.9380493,0.894997537
470.3243713,504.6987305,0.847070158,639.6750488,512.4554443,0.500041246,695.1068726,137.6885071,0.950705051,457.5046082,132.6689453,0.901194751
470.6330872,502.4737549,0.853720129,640.3065796,512.4770508,0.478906959,695.3569336,137.552124,0.949493706,457.9718628,132.7775116,0.892974973
471.4003601,502.0778198,0.855308354,639.6627197,510.5393982,0.488657206,695.4901123,137.481369,0.947499692,458.1726379,132.5660553,0.888013482
638.4482422,510.2669678,0.843162179,639.8071289,510.402771,0.496912122,695.6504517,137.0143585,0.946235955,458.4977722,132.830719,0.888221085
638.3499756,510.158905,0.838117063,639.6619873,510.2295837,0.491585225,696.0566406,136.7998505,0.94128865,458.95578,132.8556519,0.880925238
473.8122253,503.3702087,0.836450636,639.5889893,510.1530762,0.491140395,696.1304932,136.881134,0.94164294,458.9517822,133.241333,0.883597612
482.989563,503.2778931,0.834547222,639.4077148,510.1187134,0.496110648,695.8000488,136.974884,0.943018913,458.5349731,133.9623413,0.875477374
484.9483948,505.4850769,0.832011461,639.7495728,511.5913391,0.492074281,695.1948242,137.3215637,0.950477898,457.8804016,134.7813416,0.874003053
636.9754639,511.6921997,0.82940197,639.3237915,511.7195129,0.495995432,694.7006226,137.9907074,0.950624943,457.1012878,135.3539276,0.877368569
636.1672974,511.5897217,0.814039886,635.5532837,511.5414124,0.526982844,694.1444702,138.3141174,0.951188684,456.6984253,136.1499023,0.886304617
635.8099976,511.3901062,0.794400156,635.3144531,511.2228699,0.548984289,692.395752,137.8829346,0.953599632,455.9143982,136.6723328,0.897992551
633.8844604,509.8685303,0.78271991,634.6129761,511.1043701,0.555419266,691.3157959,137.7063904,0.950719416,453.9919434,136.6389465,0.91837281
633.0667725,510.0205994,0.780784845,633.6761475,511.004303,0.56419462,690.557312,137.7249146,0.951625705,452.2543335,136.9201508,0.92384851
632.5771484,509.9150696,0.785679698,633.0386353,510.9605408,0.572163403,689.506958,137.7431946,0.944902241,451.1040649,137.2891083,0.91344285
632.2539673,510.0101624,0.78369087,632.4677124,510.8493652,0.5700894,688.5249634,137.2422333,0.945313931,449.8114929,137.8522491,0.900098681
631.4882813,509.6949158,0.780617535,631.5906372,510.754364,0.575924277,687.0928345,136.7693024,0.950000405,448.4904785,137.7976227,0.891187966
630.9187012,509.3226624,0.768656492,488.1326294,513.6137695,0.59210676,685.6880493,136.2844086,0.946898639,446.0739136,138.7380524,0.881854177
629.9276733,509.2520142,0.767254174,486.6263733,514.1018677,0.625479221,684.2845459,135.8659668,0.930670083,444.5216675,138.5525208,0.881345809
628.6254272,509.5321655,0.756322443,485.9069214,514.1741333,0.612257421,683.3217773,136.4673462,0.90350312,443.3970642,138.7948456,0.857940793
627.6138916,509.2135925,0.760343432,485.2349548,514.144104,0.638390124,680.5290527,137.7343445,0.926593542,441.632843,138.6615906,0.85312748
627.1582642,510.0742493,0.759674311,485.402771,514.1658936,0.643450379,678.8021851,137.8701019,0.94618547,439.9767761,139.2474976,0.872722447
625.6403809,509.7648621,0.751782715,485.5959167,514.6262817,0.653907418,676.9818115,137.3434906,0.955659628,437.0875244,140.2529449,0.890466571
625.0065308,510.0196533,0.750903308,483.9317017,515.2327271,0.685318589,675.3712158,136.9011993,0.955930889,435.4303894,140.2508545,0.90468359
624.3787231,509.9374084,0.761480987,480.6627808,516.5135498,0.677147388,673.0119019,135.840683,0.956744194,433.9848938,141.0463409,0.91207099
623.4328003,510.0913391,0.779726982,476.0491638,516.6376953,0.716747701,670.1395264,134.8769226,0.951422989,431.7008362,141.9419403,0.902898312
622.4926147,509.960907,0.779215634,474.1596985,516.4133301,0.786207974,667.6741943,134.7832031,0.919674635,428.9658813,143.6263428,0.897234142
620.8931274,509.7909241,0.784249425,471.5510559,517.425293,0.788294792,664.1663818,136.1146393,0.934642732,426.0686646,143.3181,0.895509958
619.3903809,510.0345459,0.771733165,467.5153809,516.7208862,0.799229741,660.7592773,135.4890289,0.962409019,422.1270447,144.615097,0.941833854
616.5561523,507.845459,0.805554032,463.3184814,516.5895386,0.804365516,656.7944946,132.8568878,0.961362064,417.456665,144.4998627,0.935383379
613.0167236,508.6733093,0.810400426,459.0959167,515.5773315,0.837682009,651.8383179,131.5420532,0.931756556,412.434082,144.4605408,0.89900738
609.2185669,509.629303,0.81572026,454.4479675,515.2981567,0.86364603,647.9411011,131.735733,0.94187963,409.4173279,145.2227631,0.919556558
606.3676758,510.1530762,0.834854603,448.4681396,514.3522949,0.86625886,643.6168213,129.9015808,0.946689606,403.5203552,145.0304565,0.943245113
604.0612183,510.3050232,0.825025022,444.882843,513.8779297,0.862540305,637.9666748,129.7577667,0.931687295,397.7879028,145.8912964,0.918843865
601.111084,508.2657471,0.820126474,443.8195496,512.3956909,0.845092237,633.3013916,129.3912354,0.918559432,393.5116882,146.0581207,0.910873175
598.1851807,508.9624023,0.842781305,441.4045715,511.3198242,0.855514765,628.5042725,127.7791367,0.925499678,389.0744629,147.0452881,0.938327372
595.7069702,509.6359253,0.852210879,438.7875977,510.4541931,0.843269825,623.9958496,127.37043,0.928567588,384.2986145,148.1725464,0.917574346
593.9241333,509.9981995,0.863911033,435.690094,509.7702637,0.842795908,621.7614136,126.5227356,0.91466403,381.7770691,148.0973816,0.887124836
592.7156372,510.0986328,0.858978748,432.678894,509.4776917,0.843054831,617.8239746,125.9405823,0.88026458,378.2056885,149.8627167,0.891269326
592.8261108,509.8933105,0.85477823,431.1712646,509.1516418,0.813778281,614.5721436,124.6022873,0.896692514,376.0574646,149.9860229,0.895148814
594.0532227,508.9666748,0.861955762,428.9119263,509.1448364,0.744349062,612.5753174,125.1362686,0.910669446,372.565918,151.6589508,0.92269069
596.3093872,507.9343567,0.888357759,427.0730896,504.8634033,0.699659348,609.0774536,124.4196396,0.91393292,369.9990845,150.7490692,0.924279988
599.7421265,507.9099426,0.900478184,425.5450439,504.0203247,0.734381616,606.5739746,122.5395889,0.923313439,367.8077698,149.6882324,0.896187484
602.5675049,510.745697,0.913384676,423.9865723,503.9966736,0.760532141,604.8008423,121.724823,0.897767842,365.4851074,149.2946167,0.859385312
606.0672607,511.1685486,0.920278788,422.9892578,503.7360229,0.754308879,604.3945923,121.3869934,0.897480667,363.2068176,150.6165619,0.857985973
611.6044312,509.0902405,0.915640652,422.8545532,503.6633301,0.755795121,599.7657471,122.1847229,0.930437863,361.8226624,150.9071045,0.869409323
614.8511353,508.229248,0.887637198,422.6723022,503.2677917,0.753097951,598.2218018,121.7667084,0.949819386,360.4312439,150.2488556,0.868179202
618.1338501,507.3592224,0.888570011,422.9645081,502.9578552,0.755593121,596.4595947,120.7571869,0.948782146,359.3580627,150.2626495,0.884485364
622.7497559,504.9517822,0.89996773,423.454071,502.5836487,0.751035869,595.1854248,120.0849991,0.949194491,357.6247253,151.3983307,0.904970706
625.5182495,504.0906067,0.931615412,424.2614136,502.2641296,0.769202352,592.9995117,119.2745819,0.945624769,355.9324036,151.8659363,0.915897369
628.3173218,503.4258423,0.940245509,422.6309204,502.4394836,0.771958947,592.0823364,119.0531616,0.944656014,354.579834,151.3442688,0.912021339
631.8601685,503.8375854,0.927456737,419.79422,502.5937195,0.792327881,590.6679688,118.6742249,0.937627673,353.4207764,150.3944092,0.906498671
635.7727661,503.4351501,0.927507102,416.9842529,503.3723755,0.785982847,588.7266846,118.6784286,0.926679254,351.7920227,150.0727539,0.882906258
640.9584351,502.3874512,0.940394938,413.4534302,504.2806091,0.753969669,587.7283325,118.8279877,0.911867857,350.2351379,149.3421173,0.865914643
645.3334961,501.8622742,0.957863867,408.5242615,502.120697,0.790846407,586.2177124,119.1443558,0.888141394,347.4719543,149.7791138,0.865757346
649.5940552,501.4992371,0.954243541,405.1736145,502.5748291,0.830041945,584.9669189,119.6636353,0.910776436,346.4219971,149.7887268,0.872653961
655.6033325,501.7426147,0.943211377,400.965271,503.0714417,0.839669585,584.0616455,119.8661499,0.925537288,345.7947388,149.666214,0.87726748
662.5682373,502.6412354,0.958358943,397.495575,503.9971008,0.798790455,583.2832031,120.4219666,0.931736052,344.5016479,149.2132111,0.89002353
668.7766113,501.1555481,0.946967125,392.6773682,501.3023987,0.844041467,582.7617798,120.5173874,0.941643,343.5947876,149.4944153,0.895458341
672.5075073,500.2415466,0.961896181,392.2104492,501.1135254,0.853233874,582.8256226,120.2507706,0.941638172,344.0491333,149.5602875,0.892966509
675.4296265,499.0799255,0.961476326,391.5026855,501.2210693,0.862758517,583.1867065,118.6282501,0.933402419,344.6940308,149.6764832,0.886765301
677.4420776,496.2364502,0.960327327,391.1061401,501.013855,0.869189441,583.423645,117.4326553,0.920835614,345.153717,149.5539093,0.882225096
679.8827515,494.2226563,0.95655638,390.9837646,501.0744324,0.872404397,583.9607544,116.1597672,0.909561455,345.5161133,149.1979523,0.890752316
680.5731812,492.9638367,0.945089221,391.6078491,501.150177,0.865813375,584.5502319,115.6680832,0.907603979,345.5256958,149.3057709,0.888138473
679.8728638,491.9579773,0.937548697,392.5783691,501.0181274,0.856272161,585.3079224,115.0010147,0.888134599,345.6220093,149.2323303,0.8895244
677.4199219,493.4729309,0.929572403,394.1985168,500.8954163,0.837489426,586.6275024,114.6003876,0.853568912,347.2070618,149.7571259,0.866100192
674.9179077,493.4837036,0.932992756,398.1589355,502.696228,0.833530307,589.552063,113.4228134,0.845122814,350.416626,150.9008179,0.855856061
671.7444458,493.5281677,0.923068047,401.0348511,501.8315125,0.853580117,587.8972168,113.8781204,0.872296929,350.759552,149.5457458,0.870708108
669.0740356,494.7511292,0.918349266,405.5101929,500.9711304,0.864512086,588.5531616,114.3189621,0.885002136,351.7209473,150.0760651,0.877948761
666.2321167,493.4701843,0.924235582,408.749115,501.1275635,0.843066633,589.4807739,114.343811,0.918590128,353.1861877,150.3084106,0.897711813
661.2648315,494.6075134,0.942154706,410.7438049,501.2086182,0.786964774,591.1668701,114.1068192,0.933476686,354.7278748,151.250946,0.913518846
656.7850952,496.2253418,0.942314088,412.4974365,503.2330933,0.785190523,593.4371338,114.1998825,0.926641643,356.0100098,150.9628754,0.924589157
654.4517212,496.9089661,0.940084517,413.8303223,502.8924255,0.789578259,594.3498535,114.730957,0.932701588,357.5776978,151.0499725,0.903876543
650.6184692,494.8573303,0.934908092,415.4783325,501.9266663,0.800304055,595.437439,115.3058624,0.947572887,359.2228088,150.367981,0.876019359
646.3365479,495.6485291,0.947975218,418.3826904,500.999176,0.829822183,597.2627563,115.3118744,0.947431624,360.8630066,150.6409912,0.861316621
641.9222412,496.6025391,0.947446704,420.1780701,500.5868835,0.82834965,598.6036987,116.2724228,0.948517263,362.4769287,150.4487305,0.865011632
638.0316162,496.9336853,0.949597955,421.5127869,500.286377,0.82804203,600.1706543,116.3392029,0.934657991,365.491333,148.8641815,0.847388089
632.7751465,495.5632629,0.940498471,422.1799622,500.0282898,0.847428977,600.9952393,116.0857849,0.917954504,366.7412109,148.8501434,0.86811918
627.6799316,498.2396545,0.950982809,423.0652161,499.7929077,0.848238409,604.8299561,115.8557281,0.897955418,367.6619263,148.9884796,0.882304668
623.5193481,500.357605,0.945382237,423.3238831,499.4472046,0.857996523,605.6480713,116.2536926,0.90321213,368.6742249,149.475647,0.896508276
618.0715332,501.9621887,0.921323717,423.3320313,498.9537354,0.86276263,603.649353,116.5673218,0.919615448,370.0343323,149.6159363,0.914802492
614.2196655,503.5535889,0.931088269,423.4348755,498.5390015,0.867490232,605.1876831,117.8483658,0.943778157,371.7747192,149.277771,0.919372857
608.9229736,505.2168579,0.913803458,423.8926697,498.4337463,0.864362419,606.9960327,118.5714569,0.952499211,373.282196,149.4158325,0.916578591
605.3728027,506.3131714,0.85900408,424.1635437,498.227417,0.87027812,609.0699463,119.9190521,0.952100277,375.1305237,148.7460632,0.905305624
599.8051758,507.1248169,0.863146901,424.3224792,498.3362122,0.876108944,611.6000977,121.5903244,0.950138032,376.771698,147.9354553,0.885142684
599.0935059,507.5915527,0.861702085,424.5194702,498.3453674,0.876228094,613.9174805,123.0798035,0.929195821,378.4183655,147.207489,0.868974507
603.9956055,509.2695923,0.87179929,424.4743347,498.3445435,0.882410467,616.552063,123.3578339,0.884316921,381.9337463,148.2449036,0.869060278
606.6986694,509.9315491,0.900157452,425.3866272,498.3963013,0.885320306,621.2967529,122.5624466,0.87768501,383.240448,145.8074341,0.908457339
611.2219849,508.5484924,0.909618676,426.8638611,498.4797974,0.859099805,621.767334,124.4815369,0.886504173,385.9180603,145.7796021,0.922006607
612.222168,508.0228271,0.90828687,429.6821899,500.7477417,0.859011292,625.1495972,125.4096832,0.905328572,388.9648743,145.5578918,0.928788841
613.0942993,506.6218262,0.899744451,432.5940552,499.7289429,0.878880978,629.5331421,125.6798477,0.878751755,392.8978882,145.3992004,0.903774679
613.2116699,506.0802307,0.882236481,435.6841736,498.7011414,0.887126148,632.5863647,125.2634811,0.858354807,397.078125,144.3823242,0.890739977
613.7243042,505.6071167,0.867220223,439.5438843,498.2717896,0.894163549,635.8469238,126.0726547,0.864937901,400.5349426,143.1984406,0.893319607
613.7676392,507.2377014,0.871510267,443.4115906,497.806366,0.852460206,638.8192749,126.5859299,0.905806124,403.866394,142.4826202,0.908620179
615.43396,506.3078308,0.88401264,445.6351929,498.318512,0.870398819,640.7990723,126.9969177,0.921035826,406.7663574,141.4649353,0.899097741
616.8405762,506.0771484,0.869977534,448.9393616,497.5145264,0.886445463,644.1697998,126.9061813,0.907039583,411.0172119,142.4607849,0.835164189
620.5460815,503.5921021,0.848368287,452.3796387,496.8905334,0.879881382,646.9666748,127.9397125,0.915325761,412.4914246,140.6359406,0.869446337
622.9119263,503.5784912,0.88957864,455.1808472,496.1667175,0.873486578,649.3035278,128.896347,0.910963178,413.9583435,140.9446259,0.880516887
625.4832153,504.2087097,0.913081527,457.6900635,495.3862,0.869833291,653.1455688,128.0462341,0.887747347,417.0234375,141.4694366,0.875391245
627.7910156,503.7919006,0.91489476,459.8603821,495.4001465,0.848707616,653.4326172,129.2602081,0.917340696,421.106781,140.0170746,0.883072078
629.3792114,503.4906311,0.922403455,458.7341919,496.2846069,0.829105198,655.2434082,129.4132996,0.946160197,422.6509094,140.2870483,0.869163871
630.6275024,503.6015015,0.918657124,459.2888794,495.9191284,0.845944166,657.9734497,129.7013092,0.941478372,425.8473511,139.713623,0.823090494
631.6407471,504.0214233,0.912772954,460.1916504,495.5700989,0.865150809,659.8048096,130.3262482,0.941638708,428.1377258,139.5518188,0.856662393
632.7566528,504.5917969,0.900908232,461.2363281,495.2699585,0.87855494,661.6085815,130.682785,0.941571891,429.1566467,139.4389496,0.871564984
633.3321533,504.9049683,0.886300385,461.9550476,494.8200073,0.887759745,663.1303101,131.3757935,0.941135406,429.7253723,139.2294922,0.874482393
634.0163574,505.3879089,0.863035798,462.3563843,494.460968,0.894116402,664.4285278,131.6264954,0.922654152,431.1012573,138.8658142,0.873651683
634.4487915,505.9171753,0.840898633,462.914856,494.401001,0.896294475,665.8380127,131.9125824,0.90163517,432.9344177,139.0455933,0.876075625
634.8946533,506.0083313,0.823459983,463.3374939,494.3487549,0.897044957,667.4139404,131.2366028,0.895495594,434.4977112,139.1829071,0.870368958
636.7736206,504.560791,0.81634438,464.094635,494.1669006,0.895837486,668.7967529,131.6554718,0.925721526,435.4602356,138.9528656,0.875133514
637.2397461,504.9398804,0.825077891,465.3063354,494.3295288,0.890594423,669.842041,131.5619507,0.937774301,437.0941467,138.1928558,0.86979425
637.8598633,505.5015564,0.831460953,467.0624084,494.492157,0.883153021,671.2039185,131.821991,0.941745639,438.269043,137.9904938,0.860895932
638.8919067,508.4156189,0.83623451,468.3344116,494.5024109,0.872254908,673.0802612,131.5847015,0.944612205,438.5368042,137.6124573,0.845413268
639.6029663,508.7915955,0.843226373,469.7859497,494.9459229,0.873723805,674.8209839,132.4575958,0.941152692,439.714447,137.6295776,0.834106982
641.0162964,508.8701782,0.855193615,471.2816772,495.3865967,0.884931386,675.4796143,133.7079773,0.944157481,442.7928162,137.5097656,0.82054317
642.3370361,509.4775696,0.85782665,472.7054749,495.4704895,0.880861998,676.741333,134.0278625,0.950669825,443.7765503,138.1716003,0.826812267
642.2858887,508.0116577,0.868958235,473.9966736,496.0543213,0.878653646,678.0352783,134.5299225,0.946159542,444.4436951,138.2726288,0.856579483
643.944519,508.2186279,0.881507158,474.6409302,496.5886536,0.872197509,678.6130981,134.5522919,0.931638718,445.2225952,138.5293427,0.871963322
644.5272827,508.2107239,0.881125748,475.4681091,497.5349426,0.858287811,679.2091064,134.7793274,0.925688326,445.5241394,138.7712097,0.867968917
645.3024292,508.6380005,0.888277829,475.7293091,498.124939,0.845686257,679.9462891,134.4174957,0.910140932,445.8014221,139.3258514,0.882764757
646.4418945,508.6701965,0.885521948,476.9870605,499.6746826,0.81989193,681.7536621,133.7501221,0.880261958,447.0782471,140.0352631,0.876463711
647.3208008,508.7626343,0.881917775,477.6075134,500.2864075,0.808643639,685.3189697,134.3002014,0.900617778,448.064209,140.440567,0.87864387
648.5892334,508.5375061,0.880654931,478.5644531,500.6233826,0.805829346,684.3251343,134.1821594,0.920575678,448.8686218,141.0998077,0.878442347
648.8397217,509.1789551,0.88133055,479.6330872,501.3543091,0.793042541,685.3867188,134.181778,0.927609026,450.7557678,140.1946564,0.891020715
648.9550171,510.0354614,0.885353625,480.1507263,502.6422119,0.778974414,687.0536499,134.4557495,0.946708322,451.8891907,141.0219574,0.916258752
648.7836304,510.9804077,0.89837569,481.2122192,503.682373,0.762188911,688.8097534,135.3447266,0.941050112,452.0444946,141.5791016,0.917613626
649.6707764,512.7295532,0.896759927,482.7793884,506.3965454,0.813278019,690.4949951,135.9300079,0.945126474,453.352356,142.0505676,0.927606881
